V1,V2,V3,State,Next_State_1,Next_State_2,Next_State_3,Next_State_4,Prob_1,Prob_2,Prob_3,Prob_4
0.1,0.03,0,0,1,,,,1.0,,,
0.12,0.032,1,1,2,3,,,0.53,0.47,,
0.17,0.034,2,2,4,5,6,,0.65,0.19,0.16,
0.19,0.032,3,4,7,,,,1.0,,,
0.23,0.032,4,7,8,,,,1.0,,,
0.25,0.029,5,8,9,10,11,,0.19,0.34,0.47,
0.31,0.028,6,9,12,13,,,0.55,0.45,,
0.29,0.024,7,12,14,15,,,0.51,0.49,,
0.28,0.026,8,14,16,12,,,0.59,0.41,,
0.32,0.029,9,16,17,18,,,0.32,0.68,,
0.37,0.032,10,17,19,,,,1.0,,,
0.39,0.028,11,19,,,,,,,,
0.39,0.025,10,18,20,,,,1.0,,,
0.42,0.026,11,20,,,,,,,,
0.29,0.024,9,12,21,,,,1.0,,,
0.35,0.025,10,21,22,,,,1.0,,,
0.34,0.027,11,22,,,,,,,,
0.28,0.021,8,15,23,24,,,0.6,0.4,,
0.26,0.021,9,23,15,,,,1.0,,,
0.28,0.021,10,15,25,26,,,0.52,0.48,,
0.26,0.022,11,25,,,,,,,,
0.28,0.022,11,26,,,,,,,,
0.33,0.018,9,24,27,28,,,0.69,0.31,,
0.36,0.017,10,27,29,30,,,0.18,0.82,,
0.34,0.016,11,29,,,,,,,,
0.4,0.018,11,30,,,,,,,,
0.35,0.019,10,28,31,32,33,,0.45,0.4,0.15,
0.4,0.021,11,31,,,,,,,,
0.32,0.019,11,32,,,,,,,,
0.36,0.019,11,33,,,,,,,,
0.35,0.026,7,13,34,20,,,0.65,0.35,,
0.42,0.027,8,34,35,35,,,0.59,0.41,,
0.43,0.026,9,35,36,37,,,0.33,0.67,,
0.47,0.024,10,36,38,39,37,,0.51,0.34,0.15,
0.53,0.025,11,38,,,,,,,,
0.44,0.022,11,39,,,,,,,,
0.43,0.023,11,37,,,,,,,,
0.43,0.023,10,37,40,41,,,0.49,0.51,,
0.4,0.027,11,40,,,,,,,,
0.39,0.021,11,41,,,,,,,,
0.43,0.026,9,35,42,43,44,,0.18,0.61,0.21,
0.52,0.023,10,42,,,,,,,,
0.42,0.024,10,43,41,45,46,,0.44,0.3,0.27,
0.39,0.021,11,41,,,,,,,,
0.43,0.021,11,45,,,,,,,,
0.49,0.024,11,46,,,,,,,,
0.52,0.027,10,44,,,,,,,,
0.42,0.026,8,20,47,48,49,,0.53,0.28,0.19,
0.51,0.025,9,47,,,,,,,,
0.5,0.025,9,48,50,48,36,,0.19,0.35,0.46,
0.54,0.029,10,50,,,,,,,,
0.5,0.025,10,48,51,52,,,0.44,0.56,,
0.55,0.024,11,51,,,,,,,,
0.55,0.027,11,52,,,,,,,,
0.47,0.024,10,36,53,,,,1.0,,,
0.51,0.022,11,53,,,,,,,,
0.5,0.028,9,49,54,,,,1.0,,,
0.51,0.029,10,54,,,,,,,,
0.25,0.03,6,10,55,56,57,,0.04,0.45,0.52,
0.26,0.031,7,55,58,,,,1.0,,,
0.33,0.026,8,58,59,,,,1.0,,,
0.32,0.023,9,59,60,,,,1.0,,,
0.37,0.02,10,60,30,,,,1.0,,,
0.4,0.018,11,30,,,,,,,,
0.29,0.03,7,56,61,62,63,,0.65,0.05,0.31,
0.29,0.033,8,61,64,,,,1.0,,,
0.34,0.035,9,64,65,,,,1.0,,,
0.39,0.033,10,65,66,,,,1.0,,,
0.45,0.03,11,66,,,,,,,,
0.36,0.027,8,62,67,43,68,,0.65,0.26,0.09,
0.38,0.03,9,67,69,,,,1.0,,,
0.4,0.033,10,69,66,70,71,,0.62,0.34,0.04,
0.45,0.03,11,66,,,,,,,,
0.37,0.036,11,70,,,,,,,,
0.46,0.029,11,71,,,,,,,,
0.42,0.024,9,43,72,,,,1.0,,,
0.42,0.025,10,72,73,,,,1.0,,,
0.51,0.023,11,73,,,,,,,,
0.36,0.026,9,68,74,75,76,,0.38,0.45,0.17,
0.34,0.029,10,74,77,17,,,0.06,0.94,,
0.32,0.03,11,77,,,,,,,,
0.37,0.032,11,17,,,,,,,,
0.39,0.026,10,75,78,79,80,,0.31,0.38,0.32,
0.38,0.028,11,78,,,,,,,,
0.4,0.025,11,79,,,,,,,,
0.45,0.024,11,80,,,,,,,,
0.36,0.024,10,76,18,81,82,,0.5,0.34,0.16,
0.39,0.025,11,18,,,,,,,,
0.36,0.022,11,81,,,,,,,,
0.34,0.021,11,82,,,,,,,,
0.3,0.026,8,63,22,83,84,,0.44,0.54,0.02,
0.34,0.027,9,22,59,,,,1.0,,,
0.32,0.023,10,59,85,86,,,0.6,0.4,,
0.33,0.02,11,85,,,,,,,,
0.39,0.023,11,86,,,,,,,,
0.35,0.022,9,83,87,88,,,0.3,0.7,,
0.34,0.019,10,87,89,28,,,0.48,0.52,,
0.32,0.016,11,89,,,,,,,,
0.35,0.019,11,28,,,,,,,,
0.37,0.022,10,88,90,,,,1.0,,,
0.41,0.025,11,90,,,,,,,,
0.37,0.025,9,84,91,79,,,0.17,0.83,,
0.34,0.023,10,91,18,,,,1.0,,,
0.39,0.025,11,18,,,,,,,,
0.4,0.025,10,79,92,,,,1.0,,,
0.48,0.025,11,92,,,,,,,,
0.28,0.028,7,57,13,93,94,,0.43,0.46,0.11,
0.35,0.026,8,13,95,96,,,0.48,0.52,,
0.38,0.029,9,95,97,,,,1.0,,,
0.39,0.032,10,97,98,99,100,,0.51,0.18,0.3,
0.38,0.027,11,98,,,,,,,,
0.48,0.031,11,99,,,,,,,,
0.48,0.03,11,100,,,,,,,,
0.35,0.028,9,96,101,102,19,,0.58,0.12,0.3,
0.4,0.024,10,101,20,,,,1.0,,,
0.42,0.026,11,20,,,,,,,,
0.35,0.024,10,102,72,60,18,,0.42,0.49,0.09,
0.42,0.025,11,72,,,,,,,,
0.37,0.02,11,60,,,,,,,,
0.39,0.025,11,18,,,,,,,,
0.39,0.028,10,19,103,,,,1.0,,,
0.43,0.032,11,103,,,,,,,,
0.33,0.03,8,93,104,,,,1.0,,,
0.39,0.027,9,104,105,106,,,0.46,0.54,,
0.4,0.029,10,105,107,108,,,0.19,0.81,,
0.47,0.032,11,107,,,,,,,,
0.37,0.033,11,108,,,,,,,,
0.41,0.029,10,106,109,,,,1.0,,,
0.5,0.032,11,109,,,,,,,,
0.27,0.029,8,94,110,77,,,0.95,0.05,,
0.27,0.025,9,110,111,112,113,,0.05,0.42,0.53,
0.27,0.024,10,111,114,,,,1.0,,,
0.3,0.024,11,114,,,,,,,,
0.32,0.028,10,112,115,116,117,,0.48,0.22,0.31,
0.37,0.03,11,115,,,,,,,,
0.34,0.026,11,116,,,,,,,,
0.37,0.031,11,117,,,,,,,,
0.3,0.025,10,113,81,,,,1.0,,,
0.36,0.022,11,81,,,,,,,,
0.32,0.03,9,77,118,58,,,0.43,0.57,,
0.4,0.028,10,118,119,99,,,0.03,0.97,,
0.43,0.024,11,119,,,,,,,,
0.48,0.031,11,99,,,,,,,,
0.33,0.026,10,58,101,,,,1.0,,,
0.4,0.024,11,101,,,,,,,,
0.24,0.027,6,11,120,,,,1.0,,,
0.24,0.024,7,120,121,122,123,,0.49,0.48,0.04,
0.22,0.024,8,121,124,124,125,,0.38,0.16,0.46,
0.25,0.025,9,124,120,,,,1.0,,,
0.24,0.024,10,120,126,,,,1.0,,,
0.23,0.026,11,126,,,,,,,,
0.25,0.025,9,124,127,128,129,,0.07,0.74,0.19,
0.26,0.023,10,127,130,130,131,,0.3,0.58,0.11,
0.24,0.02,11,130,,,,,,,,
0.24,0.02,11,130,,,,,,,,
0.3,0.019,11,131,,,,,,,,
0.31,0.021,10,128,32,132,,,0.76,0.24,,
0.32,0.019,11,32,,,,,,,,
0.33,0.019,11,132,,,,,,,,
0.26,0.024,10,129,133,,,,1.0,,,
0.31,0.022,11,133,,,,,,,,
0.24,0.022,9,125,121,134,135,,0.35,0.26,0.39,
0.22,0.024,10,121,136,137,138,,0.09,0.52,0.39,
0.21,0.022,11,136,,,,,,,,
0.23,0.025,11,137,,,,,,,,
0.24,0.025,11,138,,,,,,,,
0.28,0.023,10,134,139,,,,1.0,,,
0.28,0.02,11,139,,,,,,,,
0.25,0.024,10,135,15,127,,,0.23,0.77,,
0.28,0.021,11,15,,,,,,,,
0.26,0.023,11,127,,,,,,,,
0.29,0.027,8,122,57,,,,1.0,,,
0.28,0.028,9,57,140,63,,,0.36,0.64,,
0.29,0.031,10,140,56,141,142,,0.35,0.3,0.35,
0.29,0.03,11,56,,,,,,,,
0.31,0.03,11,141,,,,,,,,
0.35,0.034,11,142,,,,,,,,
0.3,0.026,10,63,58,143,144,,0.29,0.23,0.48,
0.33,0.026,11,58,,,,,,,,
0.34,0.022,11,143,,,,,,,,
0.32,0.022,11,144,,,,,,,,
0.25,0.026,8,123,127,113,,,0.44,0.56,,
0.26,0.023,9,127,114,145,130,,0.4,0.25,0.35,
0.3,0.024,10,114,21,,,,1.0,,,
0.35,0.025,11,21,,,,,,,,
0.31,0.023,10,145,146,,,,1.0,,,
0.36,0.023,11,146,,,,,,,,
0.24,0.02,10,130,139,,,,1.0,,,
0.28,0.02,11,139,,,,,,,,
0.3,0.025,9,113,147,,,,1.0,,,
0.28,0.027,10,147,148,149,150,,0.56,0.37,0.07,
0.33,0.023,11,148,,,,,,,,
0.32,0.025,11,149,,,,,,,,
0.31,0.024,11,150,,,,,,,,
0.21,0.033,3,5,151,152,,,0.36,0.64,,
0.27,0.032,4,151,153,154,155,,0.42,0.22,0.36,
0.32,0.034,5,153,117,,,,1.0,,,
0.37,0.031,6,117,98,156,,,0.16,0.84,,
0.38,0.027,7,98,157,158,159,,0.61,0.2,0.19,
0.46,0.025,8,157,160,161,162,,0.16,0.6,0.24,
0.43,0.022,9,160,163,164,165,,0.38,0.24,0.38,
0.47,0.02,10,163,166,167,168,,0.25,0.49,0.26,
0.46,0.024,11,166,,,,,,,,
0.42,0.022,11,167,,,,,,,,
0.52,0.018,11,168,,,,,,,,
0.48,0.019,10,164,169,,,,1.0,,,
0.54,0.017,11,169,,,,,,,,
0.42,0.02,10,165,170,171,,,0.26,0.74,,
0.41,0.018,11,170,,,,,,,,
0.45,0.021,11,171,,,,,,,,
0.48,0.029,9,161,172,173,,,0.6,0.4,,
0.55,0.028,10,172,,,,,,,,
0.53,0.032,10,173,,,,,,,,
0.48,0.022,9,162,174,175,176,,0.19,0.43,0.38,
0.54,0.022,10,174,,,,,,,,
0.47,0.025,10,175,177,178,80,,0.18,0.5,0.32,
0.56,0.024,11,177,,,,,,,,
0.56,0.027,11,178,,,,,,,,
0.45,0.024,11,80,,,,,,,,
0.46,0.023,10,176,179,180,181,,0.18,0.4,0.42,
0.55,0.023,11,179,,,,,,,,
0.55,0.022,11,180,,,,,,,,
0.54,0.025,11,181,,,,,,,,
0.36,0.028,8,158,104,182,,,0.39,0.61,,
0.39,0.027,9,104,183,184,,,0.44,0.56,,
0.36,0.029,10,183,20,,,,1.0,,,
0.42,0.026,11,20,,,,,,,,
0.44,0.025,10,184,161,,,,1.0,,,
0.48,0.029,11,161,,,,,,,,
0.34,0.025,9,182,98,185,62,,0.25,0.14,0.62,
0.38,0.027,10,98,90,104,,,0.52,0.48,,
0.41,0.025,11,90,,,,,,,,
0.39,0.027,11,104,,,,,,,,
0.41,0.022,10,185,186,,,,1.0,,,
0.4,0.023,11,186,,,,,,,,
0.36,0.027,10,62,182,187,188,,0.34,0.29,0.36,
0.34,0.025,11,182,,,,,,,,
0.43,0.029,11,187,,,,,,,,
0.43,0.027,11,188,,,,,,,,
0.37,0.024,8,159,189,,,,1.0,,,
0.41,0.024,9,189,190,86,,,0.48,0.52,,
0.46,0.022,10,190,191,,,,1.0,,,
0.52,0.02,11,191,,,,,,,,
0.39,0.023,10,86,189,,,,1.0,,,
0.41,0.024,11,189,,,,,,,,
0.43,0.031,7,156,192,,,,1.0,,,
0.49,0.028,8,192,193,194,,,0.44,0.56,,
0.56,0.025,9,193,,,,,,,,
0.52,0.033,9,194,,,,,,,,
0.31,0.029,5,154,195,,,,1.0,,,
0.32,0.027,6,195,150,196,,,0.5,0.5,,
0.31,0.024,7,150,197,149,,,0.35,0.65,,
0.3,0.021,8,197,143,,,,1.0,,,
0.34,0.022,9,143,198,60,199,,0.45,0.1,0.45,
0.41,0.02,10,198,200,45,,,0.29,0.71,,
0.49,0.022,11,200,,,,,,,,
0.43,0.021,11,45,,,,,,,,
0.37,0.02,10,60,45,201,27,,0.2,0.24,0.56,
0.43,0.021,11,45,,,,,,,,
0.33,0.017,11,201,,,,,,,,
0.36,0.017,11,27,,,,,,,,
0.37,0.023,10,199,202,203,,,0.81,0.19,,
0.45,0.022,11,202,,,,,,,,
0.45,0.025,11,203,,,,,,,,
0.32,0.025,8,149,150,204,,,0.37,0.63,,
0.31,0.024,9,150,58,12,,,0.04,0.96,,
0.33,0.026,10,58,154,158,205,,0.27,0.54,0.19,
0.31,0.029,11,154,,,,,,,,
0.36,0.028,11,158,,,,,,,,
0.38,0.025,11,205,,,,,,,,
0.29,0.024,10,12,206,207,208,,0.09,0.45,0.46,
0.31,0.025,11,206,,,,,,,,
0.32,0.021,11,207,,,,,,,,
0.33,0.024,11,208,,,,,,,,
0.32,0.026,9,204,116,209,,,0.09,0.91,,
0.34,0.026,10,116,210,105,,,0.26,0.74,,
0.34,0.024,11,210,,,,,,,,
0.4,0.029,11,105,,,,,,,,
0.31,0.027,10,209,9,145,,,0.62,0.38,,
0.31,0.028,11,9,,,,,,,,
0.31,0.023,11,145,,,,,,,,
0.4,0.026,7,196,36,,,,1.0,,,
0.47,0.024,8,36,211,,,,1.0,,,
0.47,0.027,9,211,212,50,213,,0.56,0.1,0.34,
0.51,0.028,10,212,,,,,,,,
0.54,0.029,10,50,,,,,,,,
0.52,0.032,10,213,,,,,,,,
0.26,0.03,5,155,124,,,,1.0,,,
0.25,0.025,6,124,127,,,,1.0,,,
0.26,0.023,7,127,144,144,214,,0.16,0.19,0.65,
0.32,0.022,8,144,215,,,,1.0,,,
0.35,0.021,9,215,216,88,,,0.8,0.2,,
0.42,0.019,10,216,217,218,,,0.14,0.86,,
0.46,0.019,11,217,,,,,,,,
0.47,0.019,11,218,,,,,,,,
0.37,0.022,10,88,189,,,,1.0,,,
0.41,0.024,11,189,,,,,,,,
0.32,0.022,8,144,219,220,,,0.77,0.23,,
0.3,0.023,9,219,102,146,221,,0.22,0.32,0.46,
0.35,0.024,10,102,88,91,,,0.15,0.85,,
0.37,0.022,11,88,,,,,,,,
0.34,0.023,11,91,,,,,,,,
0.36,0.023,10,146,88,88,,,0.22,0.78,,
0.37,0.022,11,88,,,,,,,,
0.37,0.022,11,88,,,,,,,,
0.27,0.023,10,221,222,144,,,0.57,0.43,,
0.25,0.02,11,222,,,,,,,,
0.32,0.022,11,144,,,,,,,,
0.35,0.02,9,220,223,,,,1.0,,,
0.37,0.021,10,223,224,225,226,,0.34,0.22,0.44,
0.41,0.019,11,224,,,,,,,,
0.41,0.023,11,225,,,,,,,,
0.39,0.019,11,226,,,,,,,,
0.32,0.02,8,214,227,28,,,0.28,0.72,,
0.34,0.017,9,227,228,229,230,,0.23,0.32,0.44,
0.38,0.018,10,228,27,231,198,,0.22,0.39,0.39,
0.36,0.017,11,27,,,,,,,,
0.39,0.017,11,231,,,,,,,,
0.41,0.02,11,198,,,,,,,,
0.33,0.015,10,229,232,233,234,,0.37,0.48,0.14,
0.31,0.015,11,232,,,,,,,,
0.34,0.014,11,233,,,,,,,,
0.35,0.015,11,234,,,,,,,,
0.41,0.014,10,230,235,236,237,,0.63,0.07,0.3,
0.38,0.015,11,235,,,,,,,,
0.45,0.013,11,236,,,,,,,,
0.4,0.013,11,237,,,,,,,,
0.35,0.019,9,28,238,239,,,0.15,0.85,,
0.41,0.021,10,238,240,189,,,0.83,0.17,,
0.47,0.021,11,240,,,,,,,,
0.41,0.024,11,189,,,,,,,,
0.33,0.021,10,239,31,,,,1.0,,,
0.4,0.021,11,31,,,,,,,,
0.21,0.035,4,152,241,242,,,0.82,0.18,,
0.27,0.034,5,241,64,94,,,0.68,0.32,,
0.34,0.035,6,64,243,67,244,,0.44,0.25,0.31,
0.42,0.032,7,243,245,,,,1.0,,,
0.49,0.031,8,245,246,247,248,,0.3,0.22,0.49,
0.54,0.034,9,246,,,,,,,,
0.46,0.032,9,247,187,,,,1.0,,,
0.43,0.029,10,187,249,,,,1.0,,,
0.44,0.032,11,249,,,,,,,,
0.57,0.034,9,248,,,,,,,,
0.38,0.03,7,67,142,,,,1.0,,,
0.35,0.034,8,142,250,,,,1.0,,,
0.35,0.037,9,250,251,,,,1.0,,,
0.41,0.034,10,251,252,253,,,0.32,0.68,,
0.43,0.038,11,252,,,,,,,,
0.39,0.037,11,253,,,,,,,,
0.4,0.039,7,244,254,255,256,,0.2,0.51,0.28,
0.49,0.037,8,254,257,258,,,0.51,0.49,,
0.55,0.043,9,257,,,,,,,,
0.51,0.037,9,258,,,,,,,,
0.46,0.043,8,255,259,,,,1.0,,,
0.52,0.046,9,259,,,,,,,,
0.5,0.044,8,256,260,,,,1.0,,,
0.52,0.051,9,260,,,,,,,,
0.27,0.029,6,94,261,112,,,0.2,0.8,,
0.32,0.032,7,261,262,,,,1.0,,,
0.33,0.028,8,262,263,117,67,,0.3,0.2,0.5,
0.4,0.03,9,263,187,100,,,0.61,0.39,,
0.43,0.029,10,187,192,264,,,0.47,0.53,,
0.49,0.028,11,192,,,,,,,,
0.39,0.029,11,264,,,,,,,,
0.48,0.03,10,100,265,,,,1.0,,,
0.55,0.032,11,265,,,,,,,,
0.37,0.031,9,117,266,267,183,,0.43,0.32,0.26,
0.37,0.029,10,266,268,269,270,,0.33,0.3,0.38,
0.37,0.026,11,268,,,,,,,,
0.46,0.027,11,269,,,,,,,,
0.41,0.026,11,270,,,,,,,,
0.44,0.033,10,267,271,,,,1.0,,,
0.52,0.035,11,271,,,,,,,,
0.36,0.029,10,183,272,273,,,0.89,0.11,,
0.34,0.031,11,272,,,,,,,,
0.43,0.03,11,273,,,,,,,,
0.38,0.03,9,67,274,18,275,,0.47,0.16,0.37,
0.42,0.03,10,274,187,276,,,0.99,0.01,,
0.43,0.029,11,187,,,,,,,,
0.51,0.032,11,276,,,,,,,,
0.39,0.025,10,18,277,,,,1.0,,,
0.45,0.027,11,277,,,,,,,,
0.35,0.027,10,275,278,,,,1.0,,,
0.42,0.028,11,278,,,,,,,,
0.32,0.028,7,112,78,,,,1.0,,,
0.38,0.028,8,78,67,,,,1.0,,,
0.38,0.03,9,67,279,280,281,,0.26,0.48,0.26,
0.37,0.034,10,279,273,,,,1.0,,,
0.43,0.03,11,273,,,,,,,,
0.46,0.034,10,280,282,283,284,,0.02,0.55,0.43,
0.48,0.036,11,282,,,,,,,,
0.46,0.037,11,283,,,,,,,,
0.54,0.033,11,284,,,,,,,,
0.46,0.03,10,281,285,,,,1.0,,,
0.47,0.034,11,285,,,,,,,,
0.26,0.035,5,242,286,,,,1.0,,,
0.26,0.034,6,286,287,288,55,,0.31,0.48,0.22,
0.3,0.038,7,287,289,290,,,0.79,0.21,,
0.34,0.042,8,289,291,,,,1.0,,,
0.43,0.042,9,291,292,293,,,0.8,0.2,,
0.54,0.043,10,292,,,,,,,,
0.45,0.039,10,293,294,,,,1.0,,,
0.55,0.045,11,294,,,,,,,,
0.32,0.04,8,290,295,296,,,0.42,0.58,,
0.31,0.043,9,295,297,298,299,,0.26,0.39,0.34,
0.31,0.042,10,297,300,301,302,,0.07,0.53,0.4,
0.38,0.042,11,300,,,,,,,,
0.35,0.04,11,301,,,,,,,,
0.34,0.046,11,302,,,,,,,,
0.32,0.045,10,298,303,,,,1.0,,,
0.39,0.048,11,303,,,,,,,,
0.31,0.044,10,299,304,,,,1.0,,,
0.34,0.044,11,304,,,,,,,,
0.4,0.041,9,296,305,306,,,0.52,0.48,,
0.47,0.036,10,305,307,308,,,0.5,0.5,,
0.45,0.032,11,307,,,,,,,,
0.58,0.035,11,308,,,,,,,,
0.42,0.047,10,306,309,310,311,,0.11,0.3,0.59,
0.44,0.053,11,309,,,,,,,,
0.47,0.053,11,310,,,,,,,,
0.49,0.045,11,311,,,,,,,,
0.29,0.029,7,288,312,313,,,0.81,0.19,,
0.29,0.028,8,312,9,314,315,,0.17,0.69,0.13,
0.31,0.028,9,9,98,268,316,,0.58,0.21,0.2,
0.38,0.027,10,98,43,317,40,,0.19,0.69,0.12,
0.42,0.024,11,43,,,,,,,,
0.44,0.029,11,317,,,,,,,,
0.4,0.027,11,40,,,,,,,,
0.37,0.026,10,268,183,106,,,0.6,0.4,,
0.36,0.029,11,183,,,,,,,,
0.41,0.029,11,106,,,,,,,,
0.31,0.031,10,316,318,,,,1.0,,,
0.34,0.03,11,318,,,,,,,,
0.33,0.025,9,314,145,,,,1.0,,,
0.31,0.023,10,145,319,214,208,,0.16,0.34,0.5,
0.33,0.022,11,319,,,,,,,,
0.32,0.02,11,214,,,,,,,,
0.33,0.024,11,208,,,,,,,,
0.36,0.025,9,315,43,,,,1.0,,,
0.42,0.024,10,43,320,321,322,,0.52,0.43,0.05,
0.49,0.025,11,320,,,,,,,,
0.45,0.026,11,321,,,,,,,,
0.51,0.026,11,322,,,,,,,,
0.29,0.026,8,313,314,262,323,,0.54,0.28,0.18,
0.33,0.025,9,314,101,,,,1.0,,,
0.4,0.024,10,101,40,324,,,0.72,0.28,,
0.4,0.027,11,40,,,,,,,,
0.42,0.021,11,324,,,,,,,,
0.33,0.028,9,262,325,141,183,,0.41,0.3,0.3,
0.34,0.028,10,325,263,210,93,,0.03,0.25,0.72,
0.4,0.03,11,263,,,,,,,,
0.34,0.024,11,210,,,,,,,,
0.33,0.03,11,93,,,,,,,,
0.31,0.03,10,141,117,326,327,,0.37,0.14,0.48,
0.37,0.031,11,117,,,,,,,,
0.37,0.028,11,326,,,,,,,,
0.31,0.032,11,327,,,,,,,,
0.36,0.029,10,183,75,,,,1.0,,,
0.39,0.026,11,75,,,,,,,,
0.31,0.026,9,323,219,145,,,0.58,0.42,,
0.3,0.023,10,219,85,314,14,,0.36,0.43,0.21,
0.33,0.02,11,85,,,,,,,,
0.33,0.025,11,314,,,,,,,,
0.28,0.026,11,14,,,,,,,,
0.31,0.023,10,145,91,,,,1.0,,,
0.34,0.023,11,91,,,,,,,,
0.26,0.031,7,55,147,328,,,0.47,0.53,,
0.28,0.027,8,147,329,21,,,0.65,0.35,,
0.27,0.03,9,329,16,,,,1.0,,,
0.32,0.029,10,16,325,63,,,0.29,0.71,,
0.34,0.028,11,325,,,,,,,,
0.3,0.026,11,63,,,,,,,,
0.35,0.025,9,21,262,330,331,,0.43,0.09,0.47,
0.33,0.028,10,262,332,95,332,,0.51,0.13,0.36,
0.37,0.027,11,332,,,,,,,,
0.38,0.029,11,95,,,,,,,,
0.37,0.027,11,332,,,,,,,,
0.39,0.024,10,330,333,269,189,,0.35,0.08,0.57,
0.38,0.026,11,333,,,,,,,,
0.46,0.027,11,269,,,,,,,,
0.41,0.024,11,189,,,,,,,,
0.32,0.024,10,331,334,,,,1.0,,,
0.35,0.023,11,334,,,,,,,,
0.25,0.033,8,328,77,335,,,0.11,0.89,,
0.32,0.03,9,77,336,,,,1.0,,,
0.36,0.033,10,336,337,338,,,0.1,0.9,,
0.36,0.034,11,337,,,,,,,,
0.44,0.035,11,338,,,,,,,,
0.28,0.032,9,335,339,340,341,,0.43,0.53,0.05,
0.29,0.035,10,339,342,343,,,0.98,0.02,,
0.3,0.034,11,342,,,,,,,,
0.32,0.036,11,343,,,,,,,,
0.34,0.036,10,340,17,344,345,,0.61,0.22,0.17,
0.37,0.032,11,17,,,,,,,,
0.34,0.041,11,344,,,,,,,,
0.36,0.032,11,345,,,,,,,,
0.35,0.036,10,341,301,346,,,0.53,0.47,,
0.35,0.04,11,301,,,,,,,,
0.39,0.034,11,346,,,,,,,,
0.21,0.037,3,6,347,348,,,0.59,0.41,,
0.23,0.036,4,347,349,350,,,0.38,0.62,,
0.24,0.033,5,349,351,,,,1.0,,,
0.24,0.034,6,351,352,328,,,0.5,0.5,,
0.29,0.036,7,352,353,,,,1.0,,,
0.3,0.04,8,353,304,354,355,,0.49,0.18,0.33,
0.34,0.044,9,304,356,356,,,0.69,0.31,,
0.36,0.048,10,356,357,,,,1.0,,,
0.42,0.044,11,357,,,,,,,,
0.36,0.048,10,356,358,359,,,0.83,0.17,,
0.47,0.044,11,358,,,,,,,,
0.38,0.05,11,359,,,,,,,,
0.3,0.044,9,354,300,360,361,,0.44,0.49,0.07,
0.38,0.042,10,300,355,362,,,0.45,0.55,,
0.36,0.042,11,355,,,,,,,,
0.42,0.045,11,362,,,,,,,,
0.34,0.04,10,360,363,364,,,0.54,0.46,,
0.42,0.035,11,363,,,,,,,,
0.41,0.045,11,364,,,,,,,,
0.34,0.049,10,361,365,,,,1.0,,,
0.36,0.046,11,365,,,,,,,,
0.36,0.042,9,355,366,,,,1.0,,,
0.35,0.046,10,366,367,302,368,,0.47,0.04,0.49,
0.4,0.052,11,367,,,,,,,,
0.34,0.046,11,302,,,,,,,,
0.39,0.043,11,368,,,,,,,,
0.25,0.033,7,328,61,112,,,0.46,0.54,,
0.29,0.033,8,61,369,112,,,0.5,0.5,,
0.35,0.031,9,369,370,103,,,0.45,0.55,,
0.4,0.034,10,370,371,99,372,,0.69,0.28,0.03,
0.4,0.037,11,371,,,,,,,,
0.48,0.031,11,99,,,,,,,,
0.49,0.033,11,372,,,,,,,,
0.43,0.032,10,103,213,,,,1.0,,,
0.52,0.032,11,213,,,,,,,,
0.32,0.028,9,112,373,,,,1.0,,,
0.3,0.031,10,373,374,,,,1.0,,,
0.35,0.029,11,374,,,,,,,,
0.32,0.028,8,112,112,318,326,,0.12,0.25,0.63,
0.32,0.028,9,112,345,95,375,,0.42,0.07,0.51,
0.36,0.032,10,345,17,375,,,0.95,0.05,,
0.37,0.032,11,17,,,,,,,,
0.35,0.03,11,375,,,,,,,,
0.38,0.029,10,95,65,71,317,,0.32,0.23,0.45,
0.39,0.033,11,65,,,,,,,,
0.46,0.029,11,71,,,,,,,,
0.44,0.029,11,317,,,,,,,,
0.35,0.03,10,375,272,272,,,0.53,0.47,,
0.34,0.031,11,272,,,,,,,,
0.34,0.031,11,272,,,,,,,,
0.34,0.03,9,318,68,,,,1.0,,,
0.36,0.026,10,68,334,,,,1.0,,,
0.35,0.023,11,334,,,,,,,,
0.37,0.028,9,326,376,157,,,0.28,0.72,,
0.45,0.029,10,376,377,281,378,,0.27,0.46,0.27,
0.44,0.028,11,377,,,,,,,,
0.46,0.03,11,281,,,,,,,,
0.45,0.033,11,378,,,,,,,,
0.46,0.025,10,157,187,51,175,,0.73,0.02,0.26,
0.43,0.029,11,187,,,,,,,,
0.55,0.024,11,51,,,,,,,,
0.47,0.025,11,175,,,,,,,,
0.24,0.038,5,350,379,380,381,,0.0,0.4,0.59,
0.27,0.038,6,379,287,382,142,,0.04,0.47,0.49,
0.3,0.038,7,287,327,383,344,,0.42,0.3,0.29,
0.31,0.032,8,327,346,,,,1.0,,,
0.39,0.034,9,346,384,,,,1.0,,,
0.41,0.037,10,384,385,386,387,,0.46,0.38,0.16,
0.42,0.04,11,385,,,,,,,,
0.48,0.033,11,386,,,,,,,,
0.38,0.039,11,387,,,,,,,,
0.38,0.041,8,383,388,,,,1.0,,,
0.39,0.036,9,388,253,69,385,,0.38,0.43,0.19,
0.39,0.037,10,253,389,383,,,0.16,0.84,,
0.44,0.039,11,389,,,,,,,,
0.38,0.041,11,383,,,,,,,,
0.4,0.033,10,69,390,,,,1.0,,,
0.41,0.03,11,390,,,,,,,,
0.42,0.04,10,385,256,391,392,,0.32,0.01,0.67,
0.5,0.044,11,256,,,,,,,,
0.5,0.036,11,391,,,,,,,,
0.47,0.035,11,392,,,,,,,,
0.34,0.041,8,344,393,394,395,,0.51,0.35,0.13,
0.4,0.043,9,393,396,371,397,,0.36,0.36,0.28,
0.47,0.046,10,396,398,,,,1.0,,,
0.56,0.042,11,398,,,,,,,,
0.4,0.037,10,371,280,,,,1.0,,,
0.46,0.034,11,280,,,,,,,,
0.51,0.038,10,397,,,,,,,,
0.37,0.046,9,394,385,399,,,0.05,0.95,,
0.42,0.04,10,385,384,,,,1.0,,,
0.41,0.037,11,384,,,,,,,,
0.45,0.043,10,399,400,401,,,0.61,0.39,,
0.47,0.048,11,400,,,,,,,,
0.5,0.042,11,401,,,,,,,,
0.39,0.046,9,395,402,403,404,,0.23,0.26,0.51,
0.49,0.049,10,402,405,406,,,0.37,0.63,,
0.49,0.048,11,405,,,,,,,,
0.48,0.046,11,406,,,,,,,,
0.47,0.05,10,403,407,,,,1.0,,,
0.45,0.055,11,407,,,,,,,,
0.42,0.053,10,404,408,409,410,,0.2,0.31,0.48,
0.43,0.051,11,408,,,,,,,,
0.52,0.056,11,409,,,,,,,,
0.47,0.049,11,410,,,,,,,,
0.33,0.037,7,382,411,412,,,0.52,0.48,,
0.39,0.039,8,411,413,414,,,0.69,0.31,,
0.48,0.039,9,413,415,416,417,,0.4,0.34,0.26,
0.48,0.042,10,415,358,,,,1.0,,,
0.47,0.044,11,358,,,,,,,,
0.59,0.036,10,416,,,,,,,,
0.46,0.04,10,417,418,,,,1.0,,,
0.44,0.04,11,418,,,,,,,,
0.38,0.034,9,414,419,420,66,,0.47,0.26,0.27,
0.38,0.036,10,419,65,370,,,0.66,0.34,,
0.39,0.033,11,65,,,,,,,,
0.4,0.034,11,370,,,,,,,,
0.38,0.032,10,420,421,422,183,,0.27,0.39,0.33,
0.39,0.031,11,421,,,,,,,,
0.39,0.035,11,422,,,,,,,,
0.36,0.029,11,183,,,,,,,,
0.45,0.03,10,66,377,249,423,,0.12,0.21,0.68,
0.44,0.028,11,377,,,,,,,,
0.44,0.032,11,249,,,,,,,,
0.5,0.027,11,423,,,,,,,,
0.37,0.035,8,412,424,263,,,0.45,0.55,,
0.37,0.04,9,424,425,,,,1.0,,,
0.37,0.041,10,425,419,293,426,,0.45,0.26,0.29,
0.38,0.036,11,419,,,,,,,,
0.45,0.039,11,293,,,,,,,,
0.37,0.044,11,426,,,,,,,,
0.4,0.03,9,263,161,376,,,0.58,0.42,,
0.48,0.029,10,161,427,428,249,,0.49,0.2,0.31,
0.53,0.03,11,427,,,,,,,,
0.44,0.031,11,428,,,,,,,,
0.44,0.032,11,249,,,,,,,,
0.45,0.029,10,376,100,429,430,,0.37,0.2,0.43,
0.48,0.03,11,100,,,,,,,,
0.5,0.029,11,429,,,,,,,,
0.49,0.034,11,430,,,,,,,,
0.35,0.034,7,142,74,431,,,0.41,0.59,,
0.34,0.029,8,74,325,21,158,,0.13,0.34,0.53,
0.34,0.028,9,325,13,268,189,,0.38,0.19,0.43,
0.35,0.026,10,13,18,116,102,,0.47,0.16,0.37,
0.39,0.025,11,18,,,,,,,,
0.34,0.026,11,116,,,,,,,,
0.35,0.024,11,102,,,,,,,,
0.37,0.026,10,268,432,433,,,0.5,0.5,,
0.38,0.023,11,432,,,,,,,,
0.45,0.028,11,433,,,,,,,,
0.41,0.024,10,189,434,39,,,0.74,0.26,,
0.46,0.028,11,434,,,,,,,,
0.44,0.022,11,39,,,,,,,,
0.35,0.025,9,21,81,,,,1.0,,,
0.36,0.022,10,81,435,334,,,0.5,0.5,,
0.43,0.02,11,435,,,,,,,,
0.35,0.023,11,334,,,,,,,,
0.36,0.028,9,158,184,103,,,0.18,0.82,,
0.44,0.025,10,184,44,36,,,0.6,0.4,,
0.52,0.027,11,44,,,,,,,,
0.47,0.024,11,36,,,,,,,,
0.43,0.032,10,103,317,156,,,0.3,0.7,,
0.44,0.029,11,317,,,,,,,,
0.43,0.031,11,156,,,,,,,,
0.43,0.033,8,431,109,258,,,0.59,0.41,,
0.5,0.032,9,109,436,437,,,0.06,0.94,,
0.55,0.035,10,436,,,,,,,,
0.48,0.038,10,437,271,438,439,,0.63,0.01,0.36,
0.52,0.035,11,271,,,,,,,,
0.49,0.044,11,438,,,,,,,,
0.59,0.041,11,439,,,,,,,,
0.51,0.037,9,258,,,,,,,,
0.29,0.038,6,380,345,440,441,,0.33,0.35,0.32,
0.36,0.032,7,345,442,62,97,,0.49,0.11,0.4,
0.44,0.036,8,442,428,443,,,0.35,0.65,,
0.44,0.031,9,428,444,281,,,0.44,0.56,,
0.41,0.033,10,444,346,97,,,0.9,0.1,,
0.39,0.034,11,346,,,,,,,,
0.39,0.032,11,97,,,,,,,,
0.46,0.03,10,281,445,,,,1.0,,,
0.5,0.033,11,445,,,,,,,,
0.47,0.04,9,443,255,,,,1.0,,,
0.46,0.043,10,255,446,447,,,0.84,0.16,,
0.58,0.039,11,446,,,,,,,,
0.56,0.039,11,447,,,,,,,,
0.36,0.027,8,62,225,,,,1.0,,,
0.41,0.023,9,225,448,160,449,,0.47,0.15,0.38,
0.48,0.026,10,448,450,,,,1.0,,,
0.47,0.03,11,450,,,,,,,,
0.43,0.022,10,160,451,452,,,0.53,0.47,,
0.44,0.023,11,451,,,,,,,,
0.51,0.021,11,452,,,,,,,,
0.44,0.026,10,449,225,,,,1.0,,,
0.41,0.023,11,225,,,,,,,,
0.39,0.032,8,97,280,118,,,0.53,0.47,,
0.46,0.034,9,280,243,453,454,,0.11,0.38,0.51,
0.42,0.032,10,243,455,434,,,0.44,0.56,,
0.5,0.034,11,455,,,,,,,,
0.46,0.028,11,434,,,,,,,,
0.55,0.038,10,453,,,,,,,,
0.52,0.037,10,454,,,,,,,,
0.4,0.028,9,118,433,,,,1.0,,,
0.45,0.028,10,433,322,456,457,,0.17,0.48,0.35,
0.51,0.026,11,322,,,,,,,,
0.52,0.031,11,456,,,,,,,,
0.54,0.031,11,457,,,,,,,,
0.34,0.032,7,440,458,459,412,,0.25,0.24,0.51,
0.33,0.033,8,458,336,,,,1.0,,,
0.36,0.033,9,336,460,,,,1.0,,,
0.4,0.036,10,460,455,461,462,,0.44,0.46,0.09,
0.5,0.034,11,455,,,,,,,,
0.45,0.038,11,461,,,,,,,,
0.49,0.041,11,462,,,,,,,,
0.42,0.034,8,459,428,463,,,0.18,0.82,,
0.44,0.031,9,428,464,370,,,0.59,0.41,,
0.52,0.034,10,464,,,,,,,,
0.4,0.034,10,370,65,305,,,0.23,0.77,,
0.39,0.033,11,65,,,,,,,,
0.47,0.036,11,305,,,,,,,,
0.5,0.038,9,463,416,,,,1.0,,,
0.59,0.036,10,416,,,,,,,,
0.37,0.035,8,412,384,387,465,,0.37,0.15,0.48,
0.41,0.037,9,384,422,378,466,,0.59,0.14,0.28,
0.39,0.035,10,422,65,,,,1.0,,,
0.39,0.033,11,65,,,,,,,,
0.45,0.033,10,378,103,467,,,0.7,0.3,,
0.43,0.032,11,103,,,,,,,,
0.46,0.036,11,467,,,,,,,,
0.49,0.038,10,466,398,,,,1.0,,,
0.56,0.042,11,398,,,,,,,,
0.38,0.039,9,387,468,469,,,0.84,0.16,,
0.46,0.042,10,468,259,,,,1.0,,,
0.52,0.046,11,259,,,,,,,,
0.41,0.039,10,469,470,471,,,0.44,0.56,,
0.49,0.043,11,470,,,,,,,,
0.43,0.035,11,471,,,,,,,,
0.43,0.039,9,465,472,473,474,,0.1,0.17,0.73,
0.44,0.043,10,472,475,,,,1.0,,,
0.52,0.047,11,475,,,,,,,,
0.48,0.034,10,473,476,,,,1.0,,,
0.53,0.039,11,476,,,,,,,,
0.5,0.037,10,474,477,478,,,0.61,0.39,,
0.58,0.04,11,477,,,,,,,,
0.57,0.042,11,478,,,,,,,,
0.29,0.042,7,441,412,479,300,,0.32,0.18,0.5,
0.37,0.035,8,412,142,480,481,,0.41,0.17,0.42,
0.35,0.034,9,142,337,,,,1.0,,,
0.36,0.034,10,337,243,,,,1.0,,,
0.42,0.032,11,243,,,,,,,,
0.42,0.031,9,480,390,482,376,,0.46,0.08,0.45,
0.41,0.03,10,390,450,483,,,0.58,0.42,,
0.47,0.03,11,450,,,,,,,,
0.44,0.034,11,483,,,,,,,,
0.42,0.029,10,482,484,485,,,0.25,0.75,,
0.51,0.03,11,484,,,,,,,,
0.45,0.031,11,485,,,,,,,,
0.45,0.029,10,376,486,,,,1.0,,,
0.42,0.033,11,486,,,,,,,,
0.36,0.03,9,481,118,,,,1.0,,,
0.4,0.028,10,118,66,,,,1.0,,,
0.45,0.03,11,66,,,,,,,,
0.37,0.037,8,479,487,488,,,0.56,0.44,,
0.4,0.032,9,487,372,388,,,0.53,0.47,,
0.49,0.033,10,372,248,489,376,,0.1,0.73,0.17,
0.57,0.034,11,248,,,,,,,,
0.57,0.038,11,489,,,,,,,,
0.45,0.029,11,376,,,,,,,,
0.39,0.036,10,388,253,247,17,,0.58,0.17,0.25,
0.39,0.037,11,253,,,,,,,,
0.46,0.032,11,247,,,,,,,,
0.37,0.032,11,17,,,,,,,,
0.45,0.037,9,488,490,,,,1.0,,,
0.5,0.04,10,490,491,492,493,,0.29,0.27,0.44,
0.54,0.045,11,491,,,,,,,,
0.47,0.037,11,492,,,,,,,,
0.57,0.037,11,493,,,,,,,,
0.38,0.042,8,300,467,494,,,0.46,0.54,,
0.46,0.036,9,467,194,417,495,,0.23,0.12,0.64,
0.52,0.033,10,194,,,,,,,,
0.46,0.04,10,417,437,496,497,,0.44,0.06,0.49,
0.48,0.038,11,437,,,,,,,,
0.48,0.045,11,496,,,,,,,,
0.49,0.036,11,497,,,,,,,,
0.56,0.038,10,495,,,,,,,,
0.48,0.043,9,494,400,,,,1.0,,,
0.47,0.048,10,400,257,498,499,,0.22,0.26,0.52,
0.55,0.043,11,257,,,,,,,,
0.58,0.052,11,498,,,,,,,,
0.46,0.046,11,499,,,,,,,,
0.24,0.041,6,381,380,,,,1.0,,,
0.29,0.038,7,380,500,501,502,,0.46,0.11,0.42,
0.31,0.04,8,500,503,142,412,,0.4,0.04,0.56,
0.31,0.036,9,503,504,,,,1.0,,,
0.36,0.04,10,504,341,,,,1.0,,,
0.35,0.036,11,341,,,,,,,,
0.35,0.034,9,142,103,156,336,,0.55,0.14,0.31,
0.43,0.032,10,103,103,282,,,0.85,0.15,,
0.43,0.032,11,103,,,,,,,,
0.48,0.036,11,282,,,,,,,,
0.43,0.031,10,156,267,,,,1.0,,,
0.44,0.033,11,267,,,,,,,,
0.36,0.033,10,336,505,483,,,0.59,0.41,,
0.4,0.031,11,505,,,,,,,,
0.44,0.034,11,483,,,,,,,,
0.37,0.035,9,412,375,252,,,0.62,0.38,,
0.35,0.03,10,375,506,,,,1.0,,,
0.32,0.033,11,506,,,,,,,,
0.43,0.038,10,252,507,,,,1.0,,,
0.44,0.038,11,507,,,,,,,,
0.29,0.041,8,501,508,,,,1.0,,,
0.33,0.043,9,508,356,298,,,0.81,0.19,,
0.36,0.048,10,356,509,,,,1.0,,,
0.35,0.043,11,509,,,,,,,,
0.32,0.045,10,298,304,,,,1.0,,,
0.34,0.044,11,304,,,,,,,,
0.3,0.032,8,502,510,,,,1.0,,,
0.33,0.027,9,510,78,95,,,0.49,0.51,,
0.38,0.028,10,78,249,,,,1.0,,,
0.44,0.032,11,249,,,,,,,,
0.38,0.029,10,95,485,104,,,0.59,0.41,,
0.45,0.031,11,485,,,,,,,,
0.39,0.027,11,104,,,,,,,,
0.24,0.036,4,348,511,512,513,,0.52,0.17,0.31,
0.27,0.033,5,511,514,343,,,0.36,0.64,,
0.3,0.035,6,514,279,327,,,0.85,0.15,,
0.37,0.034,7,279,95,515,,,0.34,0.66,,
0.38,0.029,8,95,95,485,35,,0.26,0.42,0.33,
0.38,0.029,9,95,118,333,68,,0.0,0.51,0.49,
0.4,0.028,10,118,117,156,,,0.45,0.55,,
0.37,0.031,11,117,,,,,,,,
0.43,0.031,11,156,,,,,,,,
0.38,0.026,10,333,516,78,189,,0.4,0.39,0.21,
0.42,0.023,11,516,,,,,,,,
0.38,0.028,11,78,,,,,,,,
0.41,0.024,11,189,,,,,,,,
0.36,0.026,10,68,62,,,,1.0,,,
0.36,0.027,11,62,,,,,,,,
0.45,0.031,9,485,517,,,,1.0,,,
0.45,0.035,10,517,518,,,,1.0,,,
0.56,0.032,11,518,,,,,,,,
0.43,0.026,9,35,92,434,270,,0.39,0.22,0.39,
0.48,0.025,10,92,519,,,,1.0,,,
0.58,0.026,11,519,,,,,,,,
0.46,0.028,10,434,107,520,,,0.85,0.15,,
0.47,0.032,11,107,,,,,,,,
0.43,0.028,11,520,,,,,,,,
0.41,0.026,10,270,521,522,66,,0.14,0.57,0.29,
0.41,0.027,11,521,,,,,,,,
0.48,0.023,11,522,,,,,,,,
0.45,0.03,11,66,,,,,,,,
0.45,0.034,8,515,517,523,265,,0.03,0.37,0.6,
0.45,0.035,9,517,524,391,525,,0.66,0.2,0.14,
0.55,0.039,10,524,,,,,,,,
0.5,0.036,10,391,246,526,,,0.47,0.53,,
0.54,0.034,11,246,,,,,,,,
0.56,0.04,11,526,,,,,,,,
0.49,0.035,10,525,527,,,,1.0,,,
0.59,0.04,11,527,,,,,,,,
0.53,0.029,9,523,,,,,,,,
0.55,0.032,9,265,,,,,,,,
0.31,0.032,7,327,70,,,,1.0,,,
0.37,0.036,8,70,528,467,,,0.48,0.52,,
0.36,0.036,9,528,17,,,,1.0,,,
0.37,0.032,10,17,117,17,529,,0.44,0.23,0.33,
0.37,0.031,11,117,,,,,,,,
0.37,0.032,11,17,,,,,,,,
0.45,0.036,11,529,,,,,,,,
0.46,0.036,9,467,530,,,,1.0,,,
0.52,0.038,10,530,,,,,,,,
0.32,0.036,6,343,424,,,,1.0,,,
0.37,0.04,7,424,531,358,,,0.45,0.55,,
0.44,0.037,8,531,532,,,,1.0,,,
0.49,0.032,9,532,265,,,,1.0,,,
0.55,0.032,10,265,,,,,,,,
0.47,0.044,8,358,533,,,,1.0,,,
0.53,0.048,9,533,,,,,,,,
0.32,0.037,5,512,534,535,536,,0.22,0.34,0.44,
0.34,0.037,6,534,103,,,,1.0,,,
0.43,0.032,7,103,431,,,,1.0,,,
0.43,0.033,8,431,537,,,,1.0,,,
0.5,0.03,9,537,280,194,538,,0.45,0.09,0.46,
0.46,0.034,10,280,483,539,,,0.07,0.93,,
0.44,0.034,11,483,,,,,,,,
0.48,0.037,11,539,,,,,,,,
0.52,0.033,10,194,,,,,,,,
0.56,0.028,10,538,,,,,,,,
0.35,0.039,6,535,540,,,,1.0,,,
0.41,0.042,7,540,541,,,,1.0,,,
0.44,0.048,8,541,470,398,542,,0.39,0.08,0.54,
0.49,0.043,9,470,543,544,259,,0.35,0.4,0.25,
0.51,0.047,10,543,,,,,,,,
0.6,0.042,10,544,,,,,,,,
0.52,0.046,10,259,,,,,,,,
0.56,0.042,9,398,,,,,,,,
0.45,0.048,9,542,545,438,546,,0.43,0.29,0.28,
0.44,0.05,10,545,547,,,,1.0,,,
0.48,0.047,11,547,,,,,,,,
0.49,0.044,10,438,548,,,,1.0,,,
0.61,0.048,11,548,,,,,,,,
0.45,0.05,10,546,549,260,260,,0.23,0.41,0.36,
0.45,0.056,11,549,,,,,,,,
0.52,0.051,11,260,,,,,,,,
0.52,0.051,11,260,,,,,,,,
0.31,0.039,6,536,368,550,551,,0.1,0.09,0.81,
0.39,0.043,7,368,468,,,,1.0,,,
0.46,0.042,8,468,552,,,,1.0,,,
0.51,0.042,9,552,,,,,,,,
0.32,0.038,7,550,479,343,,,0.14,0.86,,
0.37,0.037,8,479,553,554,555,,0.76,0.23,0.01,
0.36,0.041,9,553,556,,,,1.0,,,
0.44,0.042,10,556,557,252,558,,0.55,0.42,0.03,
0.54,0.039,11,557,,,,,,,,
0.43,0.038,11,252,,,,,,,,
0.53,0.046,11,558,,,,,,,,
0.46,0.038,9,554,559,560,,,0.15,0.85,,
0.49,0.039,10,559,255,,,,1.0,,,
0.46,0.043,11,255,,,,,,,,
0.54,0.044,10,560,,,,,,,,
0.45,0.041,9,555,293,561,562,,0.14,0.49,0.37,
0.45,0.039,10,293,389,,,,1.0,,,
0.44,0.039,11,389,,,,,,,,
0.55,0.04,10,561,,,,,,,,
0.53,0.04,10,562,,,,,,,,
0.32,0.036,8,343,563,,,,1.0,,,
0.32,0.035,9,563,261,564,420,,0.37,0.5,0.13,
0.32,0.032,10,261,318,565,327,,0.18,0.12,0.7,
0.34,0.03,11,318,,,,,,,,
0.33,0.031,11,565,,,,,,,,
0.31,0.032,11,327,,,,,,,,
0.41,0.035,10,564,566,,,,1.0,,,
0.4,0.035,11,566,,,,,,,,
0.38,0.032,10,420,528,431,,,0.72,0.28,,
0.36,0.036,11,528,,,,,,,,
0.43,0.033,11,431,,,,,,,,
0.38,0.035,7,551,420,,,,1.0,,,
0.38,0.032,8,420,279,,,,1.0,,,
0.37,0.034,9,279,341,420,442,,0.25,0.3,0.44,
0.35,0.036,10,341,471,567,,,0.96,0.04,,
0.43,0.035,11,471,,,,,,,,
0.4,0.04,11,567,,,,,,,,
0.38,0.032,10,420,460,414,,,0.49,0.51,,
0.4,0.036,11,460,,,,,,,,
0.38,0.034,11,414,,,,,,,,
0.44,0.036,10,442,568,569,497,,0.41,0.38,0.22,
0.41,0.038,11,568,,,,,,,,
0.55,0.037,11,569,,,,,,,,
0.49,0.036,11,497,,,,,,,,
0.28,0.038,5,513,570,571,458,,0.22,0.31,0.47,
0.27,0.043,6,570,360,,,,1.0,,,
0.34,0.04,7,360,337,,,,1.0,,,
0.36,0.034,8,337,70,,,,1.0,,,
0.37,0.036,9,70,487,419,293,,0.11,0.38,0.51,
0.4,0.032,10,487,480,480,,,0.07,0.93,,
0.42,0.031,11,480,,,,,,,,
0.42,0.031,11,480,,,,,,,,
0.38,0.036,10,419,363,572,,,0.37,0.63,,
0.42,0.035,11,363,,,,,,,,
0.37,0.039,11,572,,,,,,,,
0.45,0.039,10,293,573,557,,,0.9,0.1,,
0.5,0.043,11,573,,,,,,,,
0.54,0.039,11,557,,,,,,,,
0.35,0.032,6,571,510,481,,,0.69,0.31,,
0.33,0.027,7,510,263,330,316,,0.13,0.4,0.46,
0.4,0.03,8,263,95,268,574,,0.85,0.04,0.11,
0.38,0.029,9,95,575,71,,,0.11,0.89,,
0.47,0.029,10,575,317,427,267,,0.42,0.11,0.47,
0.44,0.029,11,317,,,,,,,,
0.53,0.03,11,427,,,,,,,,
0.44,0.033,11,267,,,,,,,,
0.46,0.029,10,71,376,,,,1.0,,,
0.45,0.029,11,376,,,,,,,,
0.37,0.026,9,268,159,199,,,0.17,0.83,,
0.37,0.024,10,159,225,324,165,,0.44,0.53,0.03,
0.41,0.023,11,225,,,,,,,,
0.42,0.021,11,324,,,,,,,,
0.42,0.02,11,165,,,,,,,,
0.37,0.023,10,199,79,576,220,,0.03,0.12,0.85,
0.4,0.025,11,79,,,,,,,,
0.44,0.02,11,576,,,,,,,,
0.35,0.02,11,220,,,,,,,,
0.47,0.028,9,574,48,,,,1.0,,,
0.5,0.025,10,48,577,,,,1.0,,,
0.54,0.028,11,577,,,,,,,,
0.39,0.024,8,330,119,240,,,0.49,0.51,,
0.43,0.024,9,119,167,86,,,0.1,0.9,,
0.42,0.022,10,167,90,,,,1.0,,,
0.41,0.025,11,90,,,,,,,,
0.39,0.023,10,86,189,165,,,0.24,0.76,,
0.41,0.024,11,189,,,,,,,,
0.42,0.02,11,165,,,,,,,,
0.47,0.021,9,240,578,,,,1.0,,,
0.56,0.02,10,578,,,,,,,,
0.31,0.031,8,316,579,,,,1.0,,,
0.3,0.028,9,579,313,312,323,,0.06,0.37,0.57,
0.29,0.026,10,313,580,68,,,0.02,0.98,,
0.29,0.023,11,580,,,,,,,,
0.36,0.026,11,68,,,,,,,,
0.29,0.028,10,312,116,,,,1.0,,,
0.34,0.026,11,116,,,,,,,,
0.31,0.026,10,323,133,,,,1.0,,,
0.31,0.022,11,133,,,,,,,,
0.36,0.03,7,481,66,375,,,0.74,0.26,,
0.45,0.03,8,66,581,582,273,,0.15,0.4,0.45,
0.53,0.028,9,581,,,,,,,,
0.47,0.031,9,582,583,,,,1.0,,,
0.53,0.031,10,583,,,,,,,,
0.43,0.03,9,273,35,,,,1.0,,,
0.43,0.026,10,35,263,106,,,0.46,0.54,,
0.4,0.03,11,263,,,,,,,,
0.41,0.029,11,106,,,,,,,,
0.35,0.03,8,375,421,13,,,0.8,0.2,,
0.39,0.031,9,421,281,584,,,0.39,0.61,,
0.46,0.03,10,281,581,,,,1.0,,,
0.53,0.028,11,581,,,,,,,,
0.39,0.03,10,584,336,585,,,0.48,0.52,,
0.36,0.033,11,336,,,,,,,,
0.47,0.026,11,585,,,,,,,,
0.35,0.026,9,13,374,112,78,,0.53,0.43,0.04,
0.35,0.029,10,374,586,,,,1.0,,,
0.33,0.032,11,586,,,,,,,,
0.32,0.028,10,112,117,565,16,,0.37,0.37,0.27,
0.37,0.031,11,117,,,,,,,,
0.33,0.031,11,565,,,,,,,,
0.32,0.029,11,16,,,,,,,,
0.38,0.028,10,78,433,,,,1.0,,,
0.45,0.028,11,433,,,,,,,,
0.33,0.033,6,458,420,117,,,0.42,0.58,,
0.38,0.032,7,420,65,,,,1.0,,,
0.39,0.033,8,65,479,587,582,,0.57,0.16,0.27,
0.37,0.037,9,479,419,571,,,0.46,0.54,,
0.38,0.036,10,419,465,,,,1.0,,,
0.43,0.039,11,465,,,,,,,,
0.35,0.032,10,571,486,,,,1.0,,,
0.42,0.033,11,486,,,,,,,,
0.42,0.037,9,587,276,,,,1.0,,,
0.51,0.032,10,276,,,,,,,,
0.47,0.031,9,582,445,,,,1.0,,,
0.5,0.033,10,445,464,588,589,,0.08,0.55,0.37,
0.52,0.034,11,464,,,,,,,,
0.55,0.03,11,588,,,,,,,,
0.57,0.036,11,589,,,,,,,,
0.37,0.031,7,117,278,,,,1.0,,,
0.42,0.028,8,278,243,,,,1.0,,,
0.42,0.032,9,243,249,,,,1.0,,,
0.44,0.032,10,249,575,,,,1.0,,,
0.47,0.029,11,575,,,,,,,,
0.15,0.032,2,3,590,591,592,,0.21,0.64,0.15,
0.19,0.029,3,590,593,123,,,0.6,0.4,,
0.21,0.025,4,593,594,595,23,,0.24,0.3,0.46,
0.25,0.027,5,594,11,,,,1.0,,,
0.24,0.027,6,11,596,,,,1.0,,,
0.23,0.023,7,596,597,,,,1.0,,,
0.25,0.023,8,597,597,,,,1.0,,,
0.25,0.023,9,597,598,,,,1.0,,,
0.29,0.021,10,598,32,599,134,,0.38,0.23,0.39,
0.32,0.019,11,32,,,,,,,,
0.29,0.018,11,599,,,,,,,,
0.28,0.023,11,134,,,,,,,,
0.23,0.022,5,595,600,,,,1.0,,,
0.28,0.019,6,600,601,602,,,0.58,0.42,,
0.29,0.016,7,601,603,604,605,,0.2,0.39,0.41,
0.31,0.017,8,603,603,606,234,,0.71,0.15,0.15,
0.31,0.017,9,603,607,608,229,,0.38,0.29,0.34,
0.32,0.018,10,607,609,610,611,,0.14,0.26,0.6,
0.35,0.016,11,609,,,,,,,,
0.33,0.016,11,610,,,,,,,,
0.34,0.018,11,611,,,,,,,,
0.35,0.018,10,608,609,214,612,,0.41,0.15,0.44,
0.35,0.016,11,609,,,,,,,,
0.32,0.02,11,214,,,,,,,,
0.39,0.02,11,612,,,,,,,,
0.33,0.015,10,229,613,614,,,0.62,0.38,,
0.3,0.013,11,613,,,,,,,,
0.3,0.015,11,614,,,,,,,,
0.28,0.018,9,606,229,615,616,,0.15,0.68,0.17,
0.33,0.015,10,229,617,89,,,0.93,0.07,,
0.34,0.013,11,617,,,,,,,,
0.32,0.016,11,89,,,,,,,,
0.27,0.016,10,615,618,,,,1.0,,,
0.31,0.014,11,618,,,,,,,,
0.25,0.019,10,616,619,,,,1.0,,,
0.31,0.019,11,619,,,,,,,,
0.35,0.015,9,234,620,,,,1.0,,,
0.32,0.014,10,620,604,621,620,,0.27,0.34,0.39,
0.33,0.014,11,604,,,,,,,,
0.3,0.014,11,621,,,,,,,,
0.32,0.014,11,620,,,,,,,,
0.33,0.014,8,604,622,618,623,,0.74,0.08,0.19,
0.37,0.014,9,622,624,625,233,,0.19,0.2,0.61,
0.43,0.014,10,624,626,627,,,0.35,0.65,,
0.4,0.015,11,626,,,,,,,,
0.42,0.014,11,627,,,,,,,,
0.33,0.013,10,625,628,629,,,0.37,0.63,,
0.29,0.014,11,628,,,,,,,,
0.3,0.012,11,629,,,,,,,,
0.34,0.014,10,233,630,631,,,0.47,0.53,,
0.36,0.013,11,630,,,,,,,,
0.37,0.013,11,631,,,,,,,,
0.31,0.014,9,618,617,,,,1.0,,,
0.34,0.013,10,617,613,632,633,,0.36,0.06,0.58,
0.3,0.013,11,613,,,,,,,,
0.32,0.012,11,632,,,,,,,,
0.38,0.012,11,633,,,,,,,,
0.35,0.012,9,623,634,237,,,0.41,0.59,,
0.31,0.011,10,634,634,635,,,0.32,0.68,,
0.31,0.011,11,634,,,,,,,,
0.28,0.01,11,635,,,,,,,,
0.4,0.013,10,237,636,,,,1.0,,,
0.38,0.013,11,636,,,,,,,,
0.32,0.015,8,605,621,,,,1.0,,,
0.3,0.014,9,621,637,613,620,,0.36,0.12,0.52,
0.28,0.012,10,637,638,,,,1.0,,,
0.25,0.012,11,638,,,,,,,,
0.3,0.013,10,613,620,639,618,,0.22,0.57,0.21,
0.32,0.014,11,620,,,,,,,,
0.36,0.011,11,639,,,,,,,,
0.31,0.014,11,618,,,,,,,,
0.32,0.014,10,620,623,,,,1.0,,,
0.35,0.012,11,623,,,,,,,,
0.26,0.018,7,602,640,641,642,,0.15,0.46,0.4,
0.24,0.017,8,640,643,644,,,0.34,0.66,,
0.22,0.015,9,643,645,644,646,,0.2,0.42,0.38,
0.21,0.013,10,645,647,648,649,,0.42,0.21,0.37,
0.25,0.011,11,647,,,,,,,,
0.24,0.013,11,648,,,,,,,,
0.21,0.011,11,649,,,,,,,,
0.26,0.014,10,644,650,,,,1.0,,,
0.29,0.013,11,650,,,,,,,,
0.21,0.014,10,646,649,651,652,,0.16,0.34,0.51,
0.21,0.011,11,649,,,,,,,,
0.25,0.014,11,651,,,,,,,,
0.2,0.012,11,652,,,,,,,,
0.26,0.014,9,644,647,653,654,,0.34,0.43,0.23,
0.25,0.011,10,647,655,656,657,,0.42,0.13,0.45,
0.25,0.01,11,655,,,,,,,,
0.24,0.009,11,656,,,,,,,,
0.27,0.011,11,657,,,,,,,,
0.31,0.012,10,653,658,659,,,0.04,0.96,,
0.29,0.012,11,658,,,,,,,,
0.36,0.01,11,659,,,,,,,,
0.27,0.013,10,654,632,660,650,,0.24,0.28,0.49,
0.32,0.012,11,632,,,,,,,,
0.32,0.011,11,660,,,,,,,,
0.29,0.013,11,650,,,,,,,,
0.26,0.017,8,641,661,662,663,,0.5,0.01,0.5,
0.28,0.015,9,661,229,664,,,0.71,0.29,,
0.33,0.015,10,229,232,,,,1.0,,,
0.31,0.015,11,232,,,,,,,,
0.26,0.013,10,664,665,654,,,0.62,0.38,,
0.27,0.012,11,665,,,,,,,,
0.27,0.013,11,654,,,,,,,,
0.32,0.017,9,662,666,28,667,,0.28,0.33,0.39,
0.38,0.017,10,666,668,87,,,0.51,0.49,,
0.36,0.016,11,668,,,,,,,,
0.34,0.019,11,87,,,,,,,,
0.35,0.019,10,28,226,216,,,0.24,0.76,,
0.39,0.019,11,226,,,,,,,,
0.42,0.019,11,216,,,,,,,,
0.36,0.015,10,667,669,,,,1.0,,,
0.4,0.016,11,669,,,,,,,,
0.25,0.016,9,663,670,671,,,0.43,0.57,,
0.24,0.014,10,670,628,672,673,,0.4,0.46,0.15,
0.29,0.014,11,628,,,,,,,,
0.26,0.015,11,672,,,,,,,,
0.22,0.012,11,673,,,,,,,,
0.29,0.015,10,671,674,,,,1.0,,,
0.32,0.013,11,674,,,,,,,,
0.29,0.019,8,642,28,600,,,0.63,0.37,,
0.35,0.019,9,28,612,,,,1.0,,,
0.39,0.02,10,612,675,676,,,0.59,0.41,,
0.45,0.018,11,675,,,,,,,,
0.41,0.017,11,676,,,,,,,,
0.28,0.019,9,600,677,619,,,0.71,0.29,,
0.3,0.02,10,677,60,,,,1.0,,,
0.37,0.02,11,60,,,,,,,,
0.31,0.019,10,619,607,,,,1.0,,,
0.32,0.018,11,607,,,,,,,,
0.26,0.021,5,23,678,679,222,,0.42,0.21,0.37,
0.27,0.021,6,678,127,24,616,,0.58,0.27,0.15,
0.26,0.023,7,127,15,680,,,0.75,0.25,,
0.28,0.021,8,15,214,677,,,0.47,0.53,,
0.32,0.02,9,214,599,227,,,0.05,0.95,,
0.29,0.018,10,599,29,32,,,0.35,0.65,,
0.34,0.016,11,29,,,,,,,,
0.32,0.019,11,32,,,,,,,,
0.34,0.017,10,227,681,682,662,,0.31,0.06,0.63,
0.37,0.015,11,681,,,,,,,,
0.39,0.015,11,682,,,,,,,,
0.32,0.017,11,662,,,,,,,,
0.3,0.02,9,677,15,,,,1.0,,,
0.28,0.021,10,15,134,598,24,,0.16,0.14,0.69,
0.28,0.023,11,134,,,,,,,,
0.29,0.021,11,598,,,,,,,,
0.33,0.018,11,24,,,,,,,,
0.27,0.019,8,680,683,,,,1.0,,,
0.25,0.017,9,683,684,606,,,0.61,0.39,,
0.26,0.016,10,684,685,,,,1.0,,,
0.3,0.017,11,685,,,,,,,,
0.28,0.018,10,606,614,,,,1.0,,,
0.3,0.015,11,614,,,,,,,,
0.33,0.018,7,24,686,235,201,,0.3,0.3,0.4,
0.37,0.018,8,686,576,610,234,,0.2,0.54,0.26,
0.44,0.02,9,576,687,,,,1.0,,,
0.52,0.019,10,687,,,,,,,,
0.33,0.016,9,610,227,621,607,,0.26,0.59,0.15,
0.34,0.017,10,227,685,688,,,0.65,0.35,,
0.3,0.017,11,685,,,,,,,,
0.37,0.016,11,688,,,,,,,,
0.3,0.014,10,621,671,,,,1.0,,,
0.29,0.015,11,671,,,,,,,,
0.32,0.018,10,607,33,28,,,0.48,0.52,,
0.36,0.019,11,33,,,,,,,,
0.35,0.019,11,28,,,,,,,,
0.35,0.015,9,234,626,620,604,,0.56,0.13,0.31,
0.4,0.015,10,626,631,689,690,,0.36,0.39,0.24,
0.37,0.013,11,631,,,,,,,,
0.46,0.015,11,689,,,,,,,,
0.46,0.014,11,690,,,,,,,,
0.32,0.014,10,620,691,,,,1.0,,,
0.34,0.012,11,691,,,,,,,,
0.33,0.014,10,604,692,693,,,0.61,0.39,,
0.33,0.012,11,692,,,,,,,,
0.39,0.013,11,693,,,,,,,,
0.38,0.015,8,235,626,693,,,0.47,0.53,,
0.4,0.015,9,626,668,681,,,0.37,0.63,,
0.36,0.016,10,668,694,695,609,,0.51,0.01,0.47,
0.41,0.015,11,694,,,,,,,,
0.39,0.014,11,695,,,,,,,,
0.35,0.016,11,609,,,,,,,,
0.37,0.015,10,681,696,229,622,,0.51,0.48,0.0,
0.35,0.014,11,696,,,,,,,,
0.33,0.015,11,229,,,,,,,,
0.37,0.014,11,622,,,,,,,,
0.39,0.013,9,693,236,235,697,,0.26,0.02,0.72,
0.45,0.013,10,236,698,626,,,0.49,0.51,,
0.48,0.013,11,698,,,,,,,,
0.4,0.015,11,626,,,,,,,,
0.38,0.015,10,235,699,700,682,,0.39,0.44,0.17,
0.45,0.014,11,699,,,,,,,,
0.42,0.016,11,700,,,,,,,,
0.39,0.015,11,682,,,,,,,,
0.42,0.015,10,697,701,702,703,,0.64,0.01,0.35,
0.45,0.017,11,701,,,,,,,,
0.49,0.015,11,702,,,,,,,,
0.46,0.016,11,703,,,,,,,,
0.33,0.017,8,201,704,604,,,0.5,0.5,,
0.31,0.018,9,704,24,89,,,0.82,0.18,,
0.33,0.018,10,24,685,,,,1.0,,,
0.3,0.017,11,685,,,,,,,,
0.32,0.016,10,89,27,,,,1.0,,,
0.36,0.017,11,27,,,,,,,,
0.33,0.014,9,604,674,693,,,0.42,0.58,,
0.32,0.013,10,674,622,,,,1.0,,,
0.37,0.014,11,622,,,,,,,,
0.39,0.013,10,693,691,,,,1.0,,,
0.34,0.012,11,691,,,,,,,,
0.25,0.019,7,616,705,,,,1.0,,,
0.28,0.017,8,705,671,628,,,0.26,0.74,,
0.29,0.015,9,671,684,,,,1.0,,,
0.26,0.016,10,684,664,706,707,,0.42,0.05,0.54,
0.26,0.013,11,664,,,,,,,,
0.27,0.017,11,706,,,,,,,,
0.24,0.015,11,707,,,,,,,,
0.29,0.014,9,628,613,,,,1.0,,,
0.3,0.013,10,613,708,637,692,,0.19,0.35,0.46,
0.35,0.013,11,708,,,,,,,,
0.28,0.012,11,637,,,,,,,,
0.33,0.012,11,692,,,,,,,,
0.31,0.02,6,679,679,709,,,0.67,0.33,,
0.31,0.02,7,679,133,710,82,,0.27,0.29,0.44,
0.31,0.022,8,133,679,,,,1.0,,,
0.31,0.02,9,679,24,,,,1.0,,,
0.33,0.018,10,24,612,,,,1.0,,,
0.39,0.02,11,612,,,,,,,,
0.38,0.021,8,710,190,,,,1.0,,,
0.46,0.022,9,190,711,180,,,0.71,0.29,,
0.52,0.025,10,711,,,,,,,,
0.55,0.022,10,180,,,,,,,,
0.34,0.021,8,82,144,223,612,,0.38,0.0,0.61,
0.32,0.022,9,144,712,149,85,,0.51,0.15,0.34,
0.37,0.019,10,712,27,170,668,,0.79,0.09,0.12,
0.36,0.017,11,27,,,,,,,,
0.41,0.018,11,170,,,,,,,,
0.36,0.016,11,668,,,,,,,,
0.32,0.025,10,149,275,268,159,,0.47,0.27,0.25,
0.35,0.027,11,275,,,,,,,,
0.37,0.026,11,268,,,,,,,,
0.37,0.024,11,159,,,,,,,,
0.33,0.02,10,85,611,704,207,,0.32,0.38,0.3,
0.34,0.018,11,611,,,,,,,,
0.31,0.018,11,704,,,,,,,,
0.32,0.021,11,207,,,,,,,,
0.37,0.021,9,223,239,185,82,,0.09,0.47,0.45,
0.33,0.021,10,239,223,,,,1.0,,,
0.37,0.021,11,223,,,,,,,,
0.41,0.022,10,185,60,225,157,,0.22,0.32,0.45,
0.37,0.02,11,60,,,,,,,,
0.41,0.023,11,225,,,,,,,,
0.46,0.025,11,157,,,,,,,,
0.34,0.021,10,82,128,186,,,0.58,0.42,,
0.31,0.021,11,128,,,,,,,,
0.4,0.023,11,186,,,,,,,,
0.39,0.02,9,612,185,33,223,,0.15,0.4,0.44,
0.41,0.022,10,185,184,45,157,,0.27,0.47,0.25,
0.44,0.025,11,184,,,,,,,,
0.43,0.021,11,45,,,,,,,,
0.46,0.025,11,157,,,,,,,,
0.36,0.019,10,33,41,27,713,,0.08,0.51,0.4,
0.39,0.021,11,41,,,,,,,,
0.36,0.017,11,27,,,,,,,,
0.37,0.017,11,713,,,,,,,,
0.37,0.021,10,223,714,,,,1.0,,,
0.44,0.019,11,714,,,,,,,,
0.3,0.018,7,709,609,,,,1.0,,,
0.35,0.016,8,609,715,,,,1.0,,,
0.36,0.018,9,715,697,668,,,0.12,0.88,,
0.42,0.015,10,697,697,716,,,0.31,0.69,,
0.42,0.015,11,697,,,,,,,,
0.48,0.014,11,716,,,,,,,,
0.36,0.016,10,668,681,,,,1.0,,,
0.37,0.015,11,681,,,,,,,,
0.25,0.02,6,222,606,717,,,0.76,0.24,,
0.28,0.018,7,606,603,131,705,,0.54,0.26,0.2,
0.31,0.017,8,603,685,,,,1.0,,,
0.3,0.017,9,685,620,,,,1.0,,,
0.32,0.014,10,620,229,,,,1.0,,,
0.33,0.015,11,229,,,,,,,,
0.3,0.019,8,131,718,128,,,0.05,0.95,,
0.3,0.016,9,718,719,709,608,,0.59,0.37,0.04,
0.35,0.017,10,719,720,608,666,,0.44,0.2,0.36,
0.41,0.016,11,720,,,,,,,,
0.35,0.018,11,608,,,,,,,,
0.38,0.017,11,666,,,,,,,,
0.3,0.018,10,709,662,227,709,,0.18,0.5,0.32,
0.32,0.017,11,662,,,,,,,,
0.34,0.017,11,227,,,,,,,,
0.3,0.018,11,709,,,,,,,,
0.35,0.018,10,608,721,610,28,,0.39,0.23,0.38,
0.36,0.02,11,721,,,,,,,,
0.33,0.016,11,610,,,,,,,,
0.35,0.019,11,28,,,,,,,,
0.31,0.021,9,128,59,,,,1.0,,,
0.32,0.023,10,59,81,116,21,,0.22,0.33,0.45,
0.36,0.022,11,81,,,,,,,,
0.34,0.026,11,116,,,,,,,,
0.35,0.025,11,21,,,,,,,,
0.28,0.017,8,705,132,722,723,,0.03,0.64,0.33,
0.33,0.019,9,132,724,662,,,0.57,0.43,,
0.39,0.018,10,724,60,,,,1.0,,,
0.37,0.02,11,60,,,,,,,,
0.32,0.017,10,662,719,,,,1.0,,,
0.35,0.017,11,719,,,,,,,,
0.28,0.016,9,722,604,617,614,,0.67,0.3,0.03,
0.33,0.014,10,604,668,682,,,0.71,0.29,,
0.36,0.016,11,668,,,,,,,,
0.39,0.015,11,682,,,,,,,,
0.34,0.013,10,617,725,639,,,0.38,0.62,,
0.37,0.012,11,725,,,,,,,,
0.36,0.011,11,639,,,,,,,,
0.3,0.015,10,614,613,,,,1.0,,,
0.3,0.013,11,613,,,,,,,,
0.27,0.014,9,723,637,638,,,0.38,0.62,,
0.28,0.012,10,637,655,726,,,0.82,0.18,,
0.25,0.01,11,655,,,,,,,,
0.26,0.012,11,726,,,,,,,,
0.25,0.012,10,638,727,,,,1.0,,,
0.26,0.011,11,727,,,,,,,,
0.26,0.019,7,717,728,603,,,0.7,0.3,,
0.29,0.017,8,728,201,605,,,0.79,0.21,,
0.33,0.017,9,201,729,,,,1.0,,,
0.31,0.016,10,729,618,681,730,,0.32,0.37,0.3,
0.31,0.014,11,618,,,,,,,,
0.37,0.015,11,681,,,,,,,,
0.34,0.015,11,730,,,,,,,,
0.32,0.015,9,605,89,,,,1.0,,,
0.32,0.016,10,89,731,,,,1.0,,,
0.36,0.014,11,731,,,,,,,,
0.31,0.017,8,603,29,,,,1.0,,,
0.34,0.016,9,29,29,,,,1.0,,,
0.34,0.016,10,29,695,235,,,0.45,0.55,,
0.39,0.014,11,695,,,,,,,,
0.38,0.015,11,235,,,,,,,,
0.25,0.026,4,123,94,732,,,0.8,0.2,,
0.27,0.029,5,94,261,586,,,0.45,0.55,,
0.32,0.032,6,261,264,343,440,,0.05,0.64,0.31,
0.39,0.029,7,264,267,62,,,0.47,0.53,,
0.44,0.033,8,267,485,,,,1.0,,,
0.45,0.031,9,485,733,473,66,,0.31,0.06,0.63,
0.49,0.03,10,733,734,172,,,0.51,0.49,,
0.54,0.035,11,734,,,,,,,,
0.55,0.028,11,172,,,,,,,,
0.48,0.034,10,473,735,,,,1.0,,,
0.52,0.036,11,735,,,,,,,,
0.45,0.03,10,66,582,245,277,,0.77,0.02,0.21,
0.47,0.031,11,582,,,,,,,,
0.49,0.031,11,245,,,,,,,,
0.45,0.027,11,277,,,,,,,,
0.36,0.027,8,62,736,105,,,0.32,0.68,,
0.41,0.028,9,736,390,161,450,,0.01,0.4,0.59,
0.41,0.03,10,390,737,532,473,,0.57,0.17,0.26,
0.43,0.034,11,737,,,,,,,,
0.49,0.032,11,532,,,,,,,,
0.48,0.034,11,473,,,,,,,,
0.48,0.029,10,161,738,161,,,0.16,0.84,,
0.47,0.033,11,738,,,,,,,,
0.48,0.029,11,161,,,,,,,,
0.47,0.03,10,450,280,427,,,0.25,0.75,,
0.46,0.034,11,280,,,,,,,,
0.53,0.03,11,427,,,,,,,,
0.4,0.029,9,105,733,281,274,,0.08,0.36,0.56,
0.49,0.03,10,733,372,450,,,0.25,0.75,,
0.49,0.033,11,372,,,,,,,,
0.47,0.03,11,450,,,,,,,,
0.46,0.03,10,281,271,456,,,0.62,0.38,,
0.52,0.035,11,271,,,,,,,,
0.52,0.031,11,456,,,,,,,,
0.42,0.03,10,274,118,338,,,0.08,0.92,,
0.4,0.028,11,118,,,,,,,,
0.44,0.035,11,338,,,,,,,,
0.32,0.036,7,343,340,739,740,,0.49,0.43,0.08,
0.34,0.036,8,340,424,444,460,,0.09,0.29,0.62,
0.37,0.04,9,424,465,357,741,,0.68,0.3,0.02,
0.43,0.039,10,465,742,743,,,0.96,0.04,,
0.42,0.039,11,742,,,,,,,,
0.41,0.04,11,743,,,,,,,,
0.42,0.044,10,357,542,,,,1.0,,,
0.45,0.048,11,542,,,,,,,,
0.45,0.044,10,741,744,,,,1.0,,,
0.5,0.05,11,744,,,,,,,,
0.41,0.033,9,444,273,745,,,0.78,0.22,,
0.43,0.03,10,273,273,54,19,,0.24,0.33,0.43,
0.43,0.03,11,273,,,,,,,,
0.51,0.029,11,54,,,,,,,,
0.39,0.028,11,19,,,,,,,,
0.43,0.037,10,745,476,746,444,,0.39,0.33,0.27,
0.53,0.039,11,476,,,,,,,,
0.48,0.04,11,746,,,,,,,,
0.41,0.033,11,444,,,,,,,,
0.4,0.036,9,460,473,,,,1.0,,,
0.48,0.034,10,473,456,747,,,0.42,0.58,,
0.52,0.031,11,456,,,,,,,,
0.56,0.03,11,747,,,,,,,,
0.36,0.038,8,739,244,,,,1.0,,,
0.4,0.039,9,244,467,748,,,0.2,0.8,,
0.46,0.036,10,467,532,555,,,0.92,0.08,,
0.49,0.032,11,532,,,,,,,,
0.45,0.041,11,555,,,,,,,,
0.44,0.044,10,748,749,306,,,0.17,0.83,,
0.49,0.04,11,749,,,,,,,,
0.42,0.047,11,306,,,,,,,,
0.35,0.033,8,740,750,414,751,,0.04,0.12,0.84,
0.42,0.036,9,750,752,455,,,0.43,0.57,,
0.51,0.031,10,752,,,,,,,,
0.5,0.034,10,455,99,753,258,,0.5,0.01,0.49,
0.48,0.031,11,99,,,,,,,,
0.54,0.032,11,753,,,,,,,,
0.51,0.037,11,258,,,,,,,,
0.38,0.034,9,414,754,390,,,0.94,0.06,,
0.36,0.039,10,754,755,756,,,0.4,0.6,,
0.38,0.038,11,755,,,,,,,,
0.36,0.037,11,756,,,,,,,,
0.41,0.03,10,390,49,757,758,,0.24,0.12,0.64,
0.5,0.028,11,49,,,,,,,,
0.48,0.032,11,757,,,,,,,,
0.5,0.026,11,758,,,,,,,,
0.43,0.036,9,751,415,,,,1.0,,,
0.48,0.042,10,415,759,492,552,,0.57,0.32,0.11,
0.55,0.036,11,759,,,,,,,,
0.47,0.037,11,492,,,,,,,,
0.51,0.042,11,552,,,,,,,,
0.34,0.032,7,440,750,419,,,0.72,0.28,,
0.42,0.036,8,750,280,389,430,,0.32,0.15,0.53,
0.46,0.034,9,280,254,517,282,,0.37,0.05,0.59,
0.49,0.037,10,254,401,760,,,0.42,0.58,,
0.5,0.042,11,401,,,,,,,,
0.56,0.037,11,760,,,,,,,,
0.45,0.035,10,517,525,738,,,0.53,0.47,,
0.49,0.035,11,525,,,,,,,,
0.47,0.033,11,738,,,,,,,,
0.48,0.036,10,282,760,173,283,,0.1,0.49,0.4,
0.56,0.037,11,760,,,,,,,,
0.53,0.032,11,173,,,,,,,,
0.46,0.037,11,283,,,,,,,,
0.44,0.039,9,389,494,751,,,0.61,0.39,,
0.48,0.043,10,494,761,762,,,0.1,0.9,,
0.56,0.05,11,761,,,,,,,,
0.55,0.049,11,762,,,,,,,,
0.43,0.036,10,751,763,568,,,0.6,0.4,,
0.45,0.04,11,763,,,,,,,,
0.41,0.038,11,568,,,,,,,,
0.49,0.034,9,430,559,,,,1.0,,,
0.49,0.039,10,559,490,764,765,,0.3,0.37,0.32,
0.5,0.04,11,490,,,,,,,,
0.59,0.034,11,764,,,,,,,,
0.47,0.038,11,765,,,,,,,,
0.38,0.036,8,419,766,767,,,0.1,0.9,,
0.4,0.038,9,766,768,385,769,,0.51,0.43,0.06,
0.39,0.04,10,768,770,771,437,,0.2,0.49,0.31,
0.38,0.043,11,770,,,,,,,,
0.41,0.046,11,771,,,,,,,,
0.48,0.038,11,437,,,,,,,,
0.42,0.04,10,385,438,,,,1.0,,,
0.49,0.044,11,438,,,,,,,,
0.4,0.042,10,769,772,773,306,,0.51,0.25,0.24,
0.48,0.048,11,772,,,,,,,,
0.41,0.047,11,773,,,,,,,,
0.42,0.047,11,306,,,,,,,,
0.36,0.035,9,767,774,69,,,0.75,0.25,,
0.41,0.031,10,774,505,378,,,0.47,0.53,,
0.4,0.031,11,505,,,,,,,,
0.45,0.033,11,378,,,,,,,,
0.4,0.033,10,69,105,444,,,0.02,0.98,,
0.4,0.029,11,105,,,,,,,,
0.41,0.033,11,444,,,,,,,,
0.33,0.032,6,586,775,369,263,,0.27,0.27,0.46,
0.33,0.035,7,775,486,776,777,,0.39,0.19,0.41,
0.42,0.033,8,486,434,263,461,,0.45,0.47,0.08,
0.46,0.028,9,434,537,192,,,0.87,0.13,,
0.5,0.03,10,537,778,582,574,,0.23,0.36,0.41,
0.59,0.029,11,778,,,,,,,,
0.47,0.031,11,582,,,,,,,,
0.47,0.028,11,574,,,,,,,,
0.49,0.028,10,192,779,780,,,0.54,0.46,,
0.55,0.031,11,779,,,,,,,,
0.58,0.025,11,780,,,,,,,,
0.4,0.03,9,263,515,434,,,0.58,0.42,,
0.45,0.034,10,515,66,389,,,0.16,0.84,,
0.45,0.03,11,66,,,,,,,,
0.44,0.039,11,389,,,,,,,,
0.46,0.028,10,434,781,103,781,,0.15,0.44,0.41,
0.46,0.026,11,781,,,,,,,,
0.43,0.032,11,103,,,,,,,,
0.46,0.026,11,781,,,,,,,,
0.45,0.038,9,461,782,486,,,0.03,0.97,,
0.51,0.041,10,782,,,,,,,,
0.42,0.033,10,486,766,422,,,0.44,0.56,,
0.4,0.038,11,766,,,,,,,,
0.39,0.035,11,422,,,,,,,,
0.34,0.039,8,776,108,422,,,0.48,0.52,,
0.37,0.033,9,108,783,,,,1.0,,,
0.36,0.031,10,783,487,268,338,,0.03,0.47,0.5,
0.4,0.032,11,487,,,,,,,,
0.37,0.026,11,268,,,,,,,,
0.44,0.035,11,338,,,,,,,,
0.39,0.035,9,422,487,,,,1.0,,,
0.4,0.032,10,487,106,67,,,0.9,0.1,,
0.41,0.029,11,106,,,,,,,,
0.38,0.03,11,67,,,,,,,,
0.34,0.038,8,777,301,,,,1.0,,,
0.35,0.04,9,301,572,784,,,0.48,0.52,,
0.37,0.039,10,572,417,465,412,,0.17,0.46,0.38,
0.46,0.04,11,417,,,,,,,,
0.43,0.039,11,465,,,,,,,,
0.37,0.035,11,412,,,,,,,,
0.33,0.044,10,784,785,786,787,,0.13,0.85,0.02,
0.39,0.041,11,785,,,,,,,,
0.41,0.043,11,786,,,,,,,,
0.43,0.045,11,787,,,,,,,,
0.35,0.031,7,369,93,369,337,,0.43,0.39,0.18,
0.33,0.03,8,93,783,183,266,,0.37,0.05,0.59,
0.36,0.031,9,783,521,440,263,,0.23,0.36,0.41,
0.41,0.027,10,521,448,788,,,0.22,0.78,,
0.48,0.026,11,448,,,,,,,,
0.38,0.031,11,788,,,,,,,,
0.34,0.032,10,440,346,,,,1.0,,,
0.39,0.034,11,346,,,,,,,,
0.4,0.03,10,263,448,19,,,0.62,0.38,,
0.48,0.026,11,448,,,,,,,,
0.39,0.028,11,19,,,,,,,,
0.36,0.029,9,183,21,,,,1.0,,,
0.35,0.025,10,21,215,72,,,0.53,0.47,,
0.35,0.021,11,215,,,,,,,,
0.42,0.025,11,72,,,,,,,,
0.37,0.029,9,266,264,,,,1.0,,,
0.39,0.029,10,264,431,,,,1.0,,,
0.43,0.033,11,431,,,,,,,,
0.35,0.031,8,369,273,789,,,0.5,0.5,,
0.43,0.03,9,273,270,423,,,0.33,0.67,,
0.41,0.026,10,270,36,95,,,0.81,0.19,,
0.47,0.024,11,36,,,,,,,,
0.38,0.029,11,95,,,,,,,,
0.5,0.027,10,423,790,791,753,,0.49,0.18,0.32,
0.48,0.027,11,790,,,,,,,,
0.52,0.03,11,791,,,,,,,,
0.54,0.032,11,753,,,,,,,,
0.35,0.035,9,789,745,459,551,,0.11,0.82,0.06,
0.43,0.037,10,745,792,,,,1.0,,,
0.48,0.041,11,792,,,,,,,,
0.42,0.034,10,459,437,392,485,,0.13,0.22,0.65,
0.48,0.038,11,437,,,,,,,,
0.47,0.035,11,392,,,,,,,,
0.45,0.031,11,485,,,,,,,,
0.38,0.035,10,551,389,,,,1.0,,,
0.44,0.039,11,389,,,,,,,,
0.36,0.034,8,337,375,566,,,0.0,1.0,,
0.35,0.03,9,375,69,272,187,,0.19,0.14,0.67,
0.4,0.033,10,69,532,370,,,0.18,0.82,,
0.49,0.032,11,532,,,,,,,,
0.4,0.034,11,370,,,,,,,,
0.34,0.031,10,272,62,564,390,,0.2,0.4,0.4,
0.36,0.027,11,62,,,,,,,,
0.41,0.035,11,564,,,,,,,,
0.41,0.03,11,390,,,,,,,,
0.43,0.029,10,187,49,317,378,,0.33,0.29,0.38,
0.5,0.028,11,49,,,,,,,,
0.44,0.029,11,317,,,,,,,,
0.45,0.033,11,378,,,,,,,,
0.4,0.035,9,566,285,,,,1.0,,,
0.47,0.034,10,285,378,,,,1.0,,,
0.45,0.033,11,378,,,,,,,,
0.4,0.03,7,263,585,532,,,0.32,0.68,,
0.47,0.026,8,585,184,181,,,0.56,0.44,,
0.44,0.025,9,184,42,196,793,,0.5,0.13,0.37,
0.52,0.023,10,42,,,,,,,,
0.4,0.026,10,196,281,175,,,0.27,0.73,,
0.46,0.03,11,281,,,,,,,,
0.47,0.025,11,175,,,,,,,,
0.43,0.025,10,793,794,434,,,0.12,0.88,,
0.52,0.028,11,794,,,,,,,,
0.46,0.028,11,434,,,,,,,,
0.54,0.025,9,181,,,,,,,,
0.49,0.032,8,532,581,467,,,0.27,0.73,,
0.53,0.028,9,581,,,,,,,,
0.46,0.036,9,467,795,457,515,,0.56,0.32,0.13,
0.56,0.035,10,795,,,,,,,,
0.54,0.031,10,457,,,,,,,,
0.45,0.034,10,515,530,497,796,,0.3,0.04,0.66,
0.52,0.038,11,530,,,,,,,,
0.49,0.036,11,497,,,,,,,,
0.46,0.031,11,796,,,,,,,,
0.27,0.026,5,732,797,798,9,,0.34,0.64,0.01,
0.29,0.025,6,797,313,,,,1.0,,,
0.29,0.026,7,313,147,334,319,,0.56,0.22,0.22,
0.28,0.027,8,147,134,,,,1.0,,,
0.28,0.023,9,134,134,139,215,,0.28,0.34,0.38,
0.28,0.023,10,134,134,26,,,0.36,0.64,,
0.28,0.023,11,134,,,,,,,,
0.28,0.022,11,26,,,,,,,,
0.28,0.02,10,139,128,,,,1.0,,,
0.31,0.021,11,128,,,,,,,,
0.35,0.021,10,215,432,,,,1.0,,,
0.38,0.023,11,432,,,,,,,,
0.35,0.023,8,334,225,159,,,0.56,0.44,,
0.41,0.023,9,225,101,,,,1.0,,,
0.4,0.024,10,101,68,799,,,0.44,0.56,,
0.36,0.026,11,68,,,,,,,,
0.47,0.022,11,799,,,,,,,,
0.37,0.024,9,159,215,,,,1.0,,,
0.35,0.021,10,215,216,87,800,,0.28,0.15,0.57,
0.42,0.019,11,216,,,,,,,,
0.34,0.019,11,87,,,,,,,,
0.4,0.022,11,800,,,,,,,,
0.33,0.022,8,319,86,,,,1.0,,,
0.39,0.023,9,86,801,793,,,0.77,0.23,,
0.38,0.02,10,801,802,,,,1.0,,,
0.4,0.02,11,802,,,,,,,,
0.43,0.025,10,793,187,522,317,,0.14,0.51,0.35,
0.43,0.029,11,187,,,,,,,,
0.48,0.023,11,522,,,,,,,,
0.44,0.029,11,317,,,,,,,,
0.25,0.022,6,798,677,619,,,0.99,0.01,,
0.3,0.02,7,677,33,132,,,0.83,0.17,,
0.36,0.019,8,33,24,27,,,0.49,0.51,,
0.33,0.018,9,24,724,685,,,0.47,0.53,,
0.39,0.018,10,724,701,688,170,,0.44,0.16,0.4,
0.45,0.017,11,701,,,,,,,,
0.37,0.016,11,688,,,,,,,,
0.41,0.018,11,170,,,,,,,,
0.3,0.017,10,685,696,,,,1.0,,,
0.35,0.014,11,696,,,,,,,,
0.36,0.017,9,27,667,,,,1.0,,,
0.36,0.015,10,667,803,,,,1.0,,,
0.4,0.017,11,803,,,,,,,,
0.33,0.019,8,132,239,,,,1.0,,,
0.33,0.021,9,239,802,,,,1.0,,,
0.4,0.02,10,802,804,721,,,0.6,0.4,,
0.46,0.02,11,804,,,,,,,,
0.36,0.02,11,721,,,,,,,,
0.31,0.019,7,619,642,729,33,,0.28,0.44,0.28,
0.29,0.019,8,642,132,,,,1.0,,,
0.33,0.019,9,132,805,666,,,0.31,0.69,,
0.38,0.019,10,805,31,806,215,,0.08,0.17,0.75,
0.4,0.021,11,31,,,,,,,,
0.43,0.019,11,806,,,,,,,,
0.35,0.021,11,215,,,,,,,,
0.38,0.017,10,666,805,226,,,0.76,0.24,,
0.38,0.019,11,805,,,,,,,,
0.39,0.019,11,226,,,,,,,,
0.31,0.016,8,729,233,233,,,0.57,0.43,,
0.34,0.014,9,233,623,807,,,0.56,0.44,,
0.35,0.012,10,623,807,617,630,,0.29,0.07,0.64,
0.4,0.012,11,807,,,,,,,,
0.34,0.013,11,617,,,,,,,,
0.36,0.013,11,630,,,,,,,,
0.4,0.012,10,807,630,725,808,,0.39,0.39,0.22,
0.36,0.013,11,630,,,,,,,,
0.37,0.012,11,725,,,,,,,,
0.35,0.01,11,808,,,,,,,,
0.34,0.014,9,233,617,604,,,0.58,0.42,,
0.34,0.013,10,617,636,809,617,,0.47,0.13,0.4,
0.38,0.013,11,636,,,,,,,,
0.35,0.011,11,809,,,,,,,,
0.34,0.013,11,617,,,,,,,,
0.33,0.014,10,604,810,731,636,,0.23,0.46,0.3,
0.38,0.016,11,810,,,,,,,,
0.36,0.014,11,731,,,,,,,,
0.38,0.013,11,636,,,,,,,,
0.36,0.019,8,33,231,224,33,,0.63,0.25,0.12,
0.39,0.017,9,231,669,,,,1.0,,,
0.4,0.016,10,669,724,811,,,0.87,0.13,,
0.39,0.018,11,724,,,,,,,,
0.44,0.015,11,811,,,,,,,,
0.41,0.019,9,224,165,686,812,,0.23,0.56,0.21,
0.42,0.02,10,165,804,,,,1.0,,,
0.46,0.02,11,804,,,,,,,,
0.37,0.018,10,686,713,170,669,,0.35,0.45,0.2,
0.37,0.017,11,713,,,,,,,,
0.41,0.018,11,170,,,,,,,,
0.4,0.016,11,669,,,,,,,,
0.46,0.018,10,812,813,,,,1.0,,,
0.44,0.017,11,813,,,,,,,,
0.36,0.019,9,33,806,,,,1.0,,,
0.43,0.019,10,806,185,666,,,0.39,0.61,,
0.41,0.022,11,185,,,,,,,,
0.38,0.017,11,666,,,,,,,,
0.31,0.028,6,9,330,,,,1.0,,,
0.39,0.024,7,330,20,814,,,0.26,0.74,,
0.42,0.026,8,20,34,80,157,,0.11,0.25,0.64,
0.42,0.027,9,34,390,330,574,,0.24,0.4,0.36,
0.41,0.03,10,390,532,815,333,,0.27,0.33,0.4,
0.49,0.032,11,532,,,,,,,,
0.49,0.029,11,815,,,,,,,,
0.38,0.026,11,333,,,,,,,,
0.39,0.024,10,330,45,,,,1.0,,,
0.43,0.021,11,45,,,,,,,,
0.47,0.028,10,574,281,523,,,0.62,0.38,,
0.46,0.03,11,281,,,,,,,,
0.53,0.029,11,523,,,,,,,,
0.45,0.024,9,80,270,321,816,,0.36,0.34,0.3,
0.41,0.026,10,270,390,80,263,,0.54,0.03,0.43,
0.41,0.03,11,390,,,,,,,,
0.45,0.024,11,80,,,,,,,,
0.4,0.03,11,263,,,,,,,,
0.45,0.026,10,321,50,815,,,0.6,0.4,,
0.54,0.029,11,50,,,,,,,,
0.49,0.029,11,815,,,,,,,,
0.53,0.024,10,816,,,,,,,,
0.46,0.025,9,157,448,815,,,0.44,0.56,,
0.48,0.026,10,448,317,448,817,,0.52,0.38,0.1,
0.44,0.029,11,317,,,,,,,,
0.48,0.026,11,448,,,,,,,,
0.51,0.027,11,817,,,,,,,,
0.49,0.029,10,815,818,,,,1.0,,,
0.57,0.028,11,818,,,,,,,,
0.45,0.023,8,814,53,,,,1.0,,,
0.51,0.022,9,53,,,,,,,,
0.19,0.031,3,591,10,819,820,,0.21,0.28,0.51,
0.25,0.03,4,10,821,113,822,,0.17,0.4,0.43,
0.24,0.032,5,821,823,,,,1.0,,,
0.25,0.032,6,823,824,352,825,,0.21,0.56,0.23,
0.24,0.028,7,824,826,827,828,,0.26,0.31,0.43,
0.28,0.03,8,826,122,,,,1.0,,,
0.29,0.027,9,122,68,829,,,0.82,0.18,,
0.36,0.026,10,68,326,510,314,,0.2,0.64,0.16,
0.37,0.028,11,326,,,,,,,,
0.33,0.027,11,510,,,,,,,,
0.33,0.025,11,314,,,,,,,,
0.3,0.029,10,829,830,571,275,,0.41,0.27,0.32,
0.3,0.03,11,830,,,,,,,,
0.35,0.032,11,571,,,,,,,,
0.35,0.027,11,275,,,,,,,,
0.26,0.026,8,827,59,206,,,0.65,0.35,,
0.32,0.023,9,59,182,150,,,0.63,0.37,,
0.34,0.025,10,182,19,144,,,0.0,1.0,,
0.39,0.028,11,19,,,,,,,,
0.32,0.022,11,144,,,,,,,,
0.31,0.024,10,150,21,275,,,0.29,0.71,,
0.35,0.025,11,21,,,,,,,,
0.35,0.027,11,275,,,,,,,,
0.31,0.025,9,206,313,78,,,0.34,0.66,,
0.29,0.026,10,313,314,,,,1.0,,,
0.33,0.025,11,314,,,,,,,,
0.38,0.028,10,78,97,,,,1.0,,,
0.39,0.032,11,97,,,,,,,,
0.26,0.025,8,828,195,831,832,,0.12,0.3,0.58,
0.32,0.027,9,195,76,833,,,0.98,0.02,,
0.36,0.024,10,76,81,,,,1.0,,,
0.36,0.022,11,81,,,,,,,,
0.33,0.029,10,833,268,,,,1.0,,,
0.37,0.026,11,268,,,,,,,,
0.25,0.028,9,831,209,,,,1.0,,,
0.31,0.027,10,209,113,266,,,0.57,0.43,,
0.3,0.025,11,113,,,,,,,,
0.37,0.029,11,266,,,,,,,,
0.26,0.028,9,832,825,829,579,,0.4,0.1,0.5,
0.27,0.028,10,825,825,116,94,,0.45,0.26,0.28,
0.27,0.028,11,825,,,,,,,,
0.34,0.026,11,116,,,,,,,,
0.27,0.029,11,94,,,,,,,,
0.3,0.029,10,829,834,,,,1.0,,,
0.28,0.029,11,834,,,,,,,,
0.3,0.028,10,579,116,335,,,0.41,0.59,,
0.34,0.026,11,116,,,,,,,,
0.28,0.032,11,335,,,,,,,,
0.29,0.036,7,352,739,835,424,,0.67,0.18,0.15,
0.36,0.038,8,739,471,836,504,,0.29,0.28,0.43,
0.43,0.035,9,471,469,,,,1.0,,,
0.41,0.039,10,469,566,383,755,,0.33,0.3,0.37,
0.4,0.035,11,566,,,,,,,,
0.38,0.041,11,383,,,,,,,,
0.38,0.038,11,755,,,,,,,,
0.38,0.04,9,836,364,837,838,,0.23,0.27,0.5,
0.41,0.045,10,364,839,840,,,0.49,0.51,,
0.42,0.042,11,839,,,,,,,,
0.44,0.051,11,840,,,,,,,,
0.42,0.043,10,837,841,,,,1.0,,,
0.45,0.046,11,841,,,,,,,,
0.47,0.041,10,838,842,,,,1.0,,,
0.52,0.043,11,842,,,,,,,,
0.36,0.04,9,504,843,566,844,,0.07,0.8,0.14,
0.46,0.044,10,843,845,846,,,0.65,0.35,,
0.5,0.048,11,845,,,,,,,,
0.57,0.05,11,846,,,,,,,,
0.4,0.035,10,566,483,,,,1.0,,,
0.44,0.034,11,483,,,,,,,,
0.44,0.041,10,844,305,469,,,0.15,0.85,,
0.47,0.036,11,305,,,,,,,,
0.41,0.039,11,469,,,,,,,,
0.28,0.035,8,835,287,,,,1.0,,,
0.3,0.038,9,287,387,847,848,,0.15,0.66,0.19,
0.38,0.039,10,387,843,358,444,,0.11,0.09,0.8,
0.46,0.044,11,843,,,,,,,,
0.47,0.044,11,358,,,,,,,,
0.41,0.033,11,444,,,,,,,,
0.32,0.043,10,847,836,355,849,,0.29,0.14,0.57,
0.38,0.04,11,836,,,,,,,,
0.36,0.042,11,355,,,,,,,,
0.35,0.044,11,849,,,,,,,,
0.32,0.042,10,848,769,850,,,0.72,0.28,,
0.4,0.042,11,769,,,,,,,,
0.39,0.038,11,850,,,,,,,,
0.37,0.04,8,424,355,393,,,0.33,0.67,,
0.36,0.042,9,355,851,,,,1.0,,,
0.34,0.045,10,851,465,,,,1.0,,,
0.43,0.039,11,465,,,,,,,,
0.4,0.043,9,393,852,,,,1.0,,,
0.39,0.049,10,852,303,853,,,0.1,0.9,,
0.39,0.048,11,303,,,,,,,,
0.43,0.049,11,853,,,,,,,,
0.27,0.028,7,825,111,,,,1.0,,,
0.27,0.024,8,111,139,222,,,0.49,0.51,,
0.28,0.02,9,139,239,85,,,0.83,0.17,,
0.33,0.021,10,239,215,801,220,,0.15,0.64,0.21,
0.35,0.021,11,215,,,,,,,,
0.38,0.02,11,801,,,,,,,,
0.35,0.02,11,220,,,,,,,,
0.33,0.02,10,85,215,603,83,,0.24,0.3,0.46,
0.35,0.021,11,215,,,,,,,,
0.31,0.017,11,603,,,,,,,,
0.35,0.022,11,83,,,,,,,,
0.25,0.02,9,222,683,677,15,,0.19,0.11,0.7,
0.25,0.017,10,683,651,,,,1.0,,,
0.25,0.014,11,651,,,,,,,,
0.3,0.02,10,677,598,,,,1.0,,,
0.29,0.021,11,598,,,,,,,,
0.28,0.021,10,15,854,855,,,0.53,0.47,,
0.34,0.02,11,854,,,,,,,,
0.26,0.02,11,855,,,,,,,,
0.3,0.025,5,113,145,22,,,0.48,0.52,,
0.31,0.023,6,145,856,797,59,,0.4,0.38,0.22,
0.3,0.022,7,856,28,611,,,0.19,0.81,,
0.35,0.019,8,28,610,612,857,,0.47,0.42,0.11,
0.33,0.016,9,610,719,730,,,0.48,0.52,,
0.35,0.017,10,719,27,24,,,0.47,0.53,,
0.36,0.017,11,27,,,,,,,,
0.33,0.018,11,24,,,,,,,,
0.34,0.015,10,730,631,858,708,,0.47,0.06,0.48,
0.37,0.013,11,631,,,,,,,,
0.39,0.016,11,858,,,,,,,,
0.35,0.013,11,708,,,,,,,,
0.39,0.02,9,612,800,859,,,0.66,0.34,,
0.4,0.022,10,800,157,,,,1.0,,,
0.46,0.025,11,157,,,,,,,,
0.45,0.019,10,859,324,860,185,,0.42,0.17,0.41,
0.42,0.021,11,324,,,,,,,,
0.52,0.022,11,860,,,,,,,,
0.41,0.022,11,185,,,,,,,,
0.42,0.018,9,857,803,804,,,0.58,0.42,,
0.4,0.017,10,803,224,861,862,,0.46,0.37,0.18,
0.41,0.019,11,224,,,,,,,,
0.43,0.015,11,861,,,,,,,,
0.47,0.015,11,862,,,,,,,,
0.46,0.02,10,804,863,,,,1.0,,,
0.55,0.02,11,863,,,,,,,,
0.34,0.018,8,611,619,713,,,0.35,0.65,,
0.31,0.019,9,619,24,214,220,,0.09,0.35,0.57,
0.33,0.018,10,24,858,614,854,,0.1,0.55,0.35,
0.39,0.016,11,858,,,,,,,,
0.3,0.015,11,614,,,,,,,,
0.34,0.02,11,854,,,,,,,,
0.32,0.02,10,214,677,619,131,,0.42,0.07,0.5,
0.3,0.02,11,677,,,,,,,,
0.31,0.019,11,619,,,,,,,,
0.3,0.019,11,131,,,,,,,,
0.35,0.02,10,220,324,28,41,,0.12,0.64,0.24,
0.42,0.021,11,324,,,,,,,,
0.35,0.019,11,28,,,,,,,,
0.39,0.021,11,41,,,,,,,,
0.37,0.017,9,713,668,864,803,,0.4,0.07,0.53,
0.36,0.016,10,668,858,682,668,,0.29,0.16,0.55,
0.39,0.016,11,858,,,,,,,,
0.39,0.015,11,682,,,,,,,,
0.36,0.016,11,668,,,,,,,,
0.42,0.017,10,864,859,,,,1.0,,,
0.45,0.019,11,859,,,,,,,,
0.4,0.017,10,803,865,703,,,0.29,0.71,,
0.44,0.016,11,865,,,,,,,,
0.46,0.016,11,703,,,,,,,,
0.29,0.025,7,797,9,323,,,0.23,0.77,,
0.31,0.028,8,9,323,,,,1.0,,,
0.31,0.026,9,323,145,,,,1.0,,,
0.31,0.023,10,145,84,143,,,0.89,0.11,,
0.37,0.025,11,84,,,,,,,,
0.34,0.022,11,143,,,,,,,,
0.31,0.026,8,323,580,,,,1.0,,,
0.29,0.023,9,580,81,,,,1.0,,,
0.36,0.022,10,81,159,324,801,,0.2,0.59,0.21,
0.37,0.024,11,159,,,,,,,,
0.42,0.021,11,324,,,,,,,,
0.38,0.02,11,801,,,,,,,,
0.32,0.023,7,59,116,598,199,,0.14,0.54,0.32,
0.34,0.026,8,116,185,112,482,,0.35,0.22,0.43,
0.41,0.022,9,185,330,866,,,0.68,0.32,,
0.39,0.024,10,330,119,867,,,0.35,0.65,,
0.43,0.024,11,119,,,,,,,,
0.47,0.023,11,867,,,,,,,,
0.44,0.021,10,866,46,,,,1.0,,,
0.49,0.024,11,46,,,,,,,,
0.32,0.028,9,112,76,330,,,1.0,0.0,,
0.36,0.024,10,76,41,185,75,,0.33,0.34,0.33,
0.39,0.021,11,41,,,,,,,,
0.41,0.022,11,185,,,,,,,,
0.39,0.026,11,75,,,,,,,,
0.39,0.024,10,330,35,102,,,0.71,0.29,,
0.43,0.026,11,35,,,,,,,,
0.35,0.024,11,102,,,,,,,,
0.42,0.029,9,482,269,421,211,,0.39,0.52,0.09,
0.46,0.027,10,269,277,,,,1.0,,,
0.45,0.027,11,277,,,,,,,,
0.39,0.031,10,421,337,99,69,,0.26,0.34,0.4,
0.36,0.034,11,337,,,,,,,,
0.48,0.031,11,99,,,,,,,,
0.4,0.033,11,69,,,,,,,,
0.47,0.027,10,211,868,,,,1.0,,,
0.49,0.026,11,868,,,,,,,,
0.29,0.021,8,598,215,32,24,,0.37,0.34,0.29,
0.35,0.021,9,215,800,,,,1.0,,,
0.4,0.022,10,800,184,324,185,,0.17,0.38,0.46,
0.44,0.025,11,184,,,,,,,,
0.42,0.021,11,324,,,,,,,,
0.41,0.022,11,185,,,,,,,,
0.32,0.019,9,32,128,619,704,,0.46,0.41,0.13,
0.31,0.021,10,128,721,145,,,0.45,0.55,,
0.36,0.02,11,721,,,,,,,,
0.31,0.023,11,145,,,,,,,,
0.31,0.019,10,619,197,,,,1.0,,,
0.3,0.021,11,197,,,,,,,,
0.31,0.018,10,704,229,,,,1.0,,,
0.33,0.015,11,229,,,,,,,,
0.33,0.018,9,24,609,,,,1.0,,,
0.35,0.016,10,609,669,713,,,0.64,0.36,,
0.4,0.016,11,669,,,,,,,,
0.37,0.017,11,713,,,,,,,,
0.37,0.023,8,199,268,793,143,,0.33,0.55,0.12,
0.37,0.026,9,268,21,432,,,0.32,0.68,,
0.35,0.025,10,21,262,102,,,0.3,0.7,,
0.33,0.028,11,262,,,,,,,,
0.35,0.024,11,102,,,,,,,,
0.38,0.023,10,432,198,199,721,,0.0,0.36,0.64,
0.41,0.02,11,198,,,,,,,,
0.37,0.023,11,199,,,,,,,,
0.36,0.02,11,721,,,,,,,,
0.43,0.025,9,793,92,,,,1.0,,,
0.48,0.025,10,92,35,178,817,,0.28,0.57,0.16,
0.43,0.026,11,35,,,,,,,,
0.56,0.027,11,178,,,,,,,,
0.51,0.027,11,817,,,,,,,,
0.34,0.022,9,143,208,,,,1.0,,,
0.33,0.024,10,208,869,83,81,,0.25,0.39,0.37,
0.39,0.022,11,869,,,,,,,,
0.35,0.022,11,83,,,,,,,,
0.36,0.022,11,81,,,,,,,,
0.34,0.027,6,22,264,205,,,0.69,0.31,,
0.39,0.029,7,264,421,,,,1.0,,,
0.39,0.031,8,421,187,,,,1.0,,,
0.43,0.029,9,187,321,,,,1.0,,,
0.45,0.026,10,321,522,161,161,,0.4,0.52,0.07,
0.48,0.023,11,522,,,,,,,,
0.48,0.029,11,161,,,,,,,,
0.48,0.029,11,161,,,,,,,,
0.38,0.025,7,205,101,,,,1.0,,,
0.4,0.024,8,101,790,870,104,,0.27,0.37,0.36,
0.48,0.027,9,790,211,,,,1.0,,,
0.47,0.027,10,211,779,317,871,,0.39,0.25,0.36,
0.55,0.031,11,779,,,,,,,,
0.44,0.029,11,317,,,,,,,,
0.44,0.03,11,871,,,,,,,,
0.48,0.024,9,870,818,,,,1.0,,,
0.57,0.028,10,818,,,,,,,,
0.39,0.027,9,104,67,333,176,,0.11,0.33,0.56,
0.38,0.03,10,67,481,266,,,0.31,0.69,,
0.36,0.03,11,481,,,,,,,,
0.37,0.029,11,266,,,,,,,,
0.38,0.026,10,333,78,176,,,0.95,0.05,,
0.38,0.028,11,78,,,,,,,,
0.46,0.023,11,176,,,,,,,,
0.46,0.023,10,176,872,166,46,,0.54,0.12,0.35,
0.52,0.026,11,872,,,,,,,,
0.46,0.024,11,166,,,,,,,,
0.49,0.024,11,46,,,,,,,,
0.24,0.031,5,822,316,,,,1.0,,,
0.31,0.031,6,316,481,56,873,,0.59,0.35,0.06,
0.36,0.03,7,481,249,,,,1.0,,,
0.44,0.032,8,249,271,874,,,0.15,0.85,,
0.52,0.035,9,271,,,,,,,,
0.41,0.036,9,874,738,,,,1.0,,,
0.47,0.033,10,738,554,284,464,,0.48,0.12,0.4,
0.46,0.038,11,554,,,,,,,,
0.54,0.033,11,284,,,,,,,,
0.52,0.034,11,464,,,,,,,,
0.29,0.03,7,56,147,740,272,,0.19,0.2,0.62,
0.28,0.027,8,147,127,16,,,0.27,0.73,,
0.26,0.023,9,127,127,23,,,0.52,0.48,,
0.26,0.023,10,127,134,,,,1.0,,,
0.28,0.023,11,134,,,,,,,,
0.26,0.021,10,23,704,641,,,0.44,0.56,,
0.31,0.018,11,704,,,,,,,,
0.26,0.017,11,641,,,,,,,,
0.32,0.029,9,16,84,58,,,0.46,0.54,,
0.37,0.025,10,84,325,,,,1.0,,,
0.34,0.028,11,325,,,,,,,,
0.33,0.026,10,58,88,,,,1.0,,,
0.37,0.022,11,88,,,,,,,,
0.35,0.033,8,740,565,273,187,,0.32,0.42,0.26,
0.33,0.031,9,565,775,17,458,,0.22,0.44,0.34,
0.33,0.035,10,775,412,444,,,0.57,0.43,,
0.37,0.035,11,412,,,,,,,,
0.41,0.033,11,444,,,,,,,,
0.37,0.032,10,17,249,783,,,0.01,0.99,,
0.44,0.032,11,249,,,,,,,,
0.36,0.031,11,783,,,,,,,,
0.33,0.033,10,458,382,108,,,0.58,0.42,,
0.33,0.037,11,382,,,,,,,,
0.37,0.033,11,108,,,,,,,,
0.43,0.03,9,273,307,,,,1.0,,,
0.45,0.032,10,307,875,338,876,,0.27,0.29,0.44,
0.48,0.028,11,875,,,,,,,,
0.44,0.035,11,338,,,,,,,,
0.52,0.029,11,876,,,,,,,,
0.43,0.029,9,187,321,,,,1.0,,,
0.45,0.026,10,321,38,,,,1.0,,,
0.53,0.025,11,38,,,,,,,,
0.34,0.031,8,272,318,333,16,,0.22,0.77,0.01,
0.34,0.03,9,318,325,40,84,,0.35,0.59,0.06,
0.34,0.028,10,325,243,375,189,,0.54,0.19,0.28,
0.42,0.032,11,243,,,,,,,,
0.35,0.03,11,375,,,,,,,,
0.41,0.024,11,189,,,,,,,,
0.4,0.027,10,40,166,450,,,0.67,0.33,,
0.46,0.024,11,166,,,,,,,,
0.47,0.03,11,450,,,,,,,,
0.37,0.025,10,84,88,37,,,0.4,0.6,,
0.37,0.022,11,88,,,,,,,,
0.43,0.023,11,37,,,,,,,,
0.38,0.026,9,333,18,321,,,0.86,0.14,,
0.39,0.025,10,18,106,321,,,0.13,0.87,,
0.41,0.029,11,106,,,,,,,,
0.45,0.026,11,321,,,,,,,,
0.45,0.026,10,321,72,781,877,,0.37,0.53,0.1,
0.42,0.025,11,72,,,,,,,,
0.46,0.026,11,781,,,,,,,,
0.54,0.027,11,877,,,,,,,,
0.32,0.029,9,16,104,510,,,0.2,0.8,,
0.39,0.027,10,104,482,,,,1.0,,,
0.42,0.029,11,482,,,,,,,,
0.33,0.027,10,510,98,,,,1.0,,,
0.38,0.027,11,98,,,,,,,,
0.38,0.033,7,873,107,,,,1.0,,,
0.47,0.032,8,107,249,733,878,,0.34,0.38,0.28,
0.44,0.032,9,249,372,212,,,0.57,0.43,,
0.49,0.033,10,372,467,450,391,,0.15,0.39,0.46,
0.46,0.036,11,467,,,,,,,,
0.47,0.03,11,450,,,,,,,,
0.5,0.036,11,391,,,,,,,,
0.51,0.028,10,212,,,,,,,,
0.49,0.03,9,733,484,386,,,0.11,0.89,,
0.51,0.03,10,484,,,,,,,,
0.48,0.033,10,386,764,,,,1.0,,,
0.59,0.034,11,764,,,,,,,,
0.57,0.035,9,878,,,,,,,,
0.23,0.029,4,819,94,,,,1.0,,,
0.27,0.029,5,94,204,,,,1.0,,,
0.32,0.026,6,204,268,,,,1.0,,,
0.37,0.026,7,268,18,95,158,,0.27,0.16,0.57,
0.39,0.025,8,18,879,81,,,0.82,0.18,,
0.38,0.022,9,879,88,,,,1.0,,,
0.37,0.022,10,88,432,205,,,0.43,0.57,,
0.38,0.023,11,432,,,,,,,,
0.38,0.025,11,205,,,,,,,,
0.36,0.022,9,81,28,612,215,,0.49,0.14,0.37,
0.35,0.019,10,28,607,715,226,,0.42,0.29,0.29,
0.32,0.018,11,607,,,,,,,,
0.36,0.018,11,715,,,,,,,,
0.39,0.019,11,226,,,,,,,,
0.39,0.02,10,612,435,,,,1.0,,,
0.43,0.02,11,435,,,,,,,,
0.35,0.021,10,215,324,,,,1.0,,,
0.42,0.021,11,324,,,,,,,,
0.38,0.029,8,95,34,75,,,0.55,0.45,,
0.42,0.027,9,34,277,,,,1.0,,,
0.45,0.027,10,277,482,269,376,,0.13,0.44,0.44,
0.42,0.029,11,482,,,,,,,,
0.46,0.027,11,269,,,,,,,,
0.45,0.029,11,376,,,,,,,,
0.39,0.026,9,75,317,268,,,0.38,0.62,,
0.44,0.029,10,317,444,,,,1.0,,,
0.41,0.033,11,444,,,,,,,,
0.37,0.026,10,268,264,,,,1.0,,,
0.39,0.029,11,264,,,,,,,,
0.36,0.028,8,158,21,268,,,0.61,0.39,,
0.35,0.025,9,21,76,,,,1.0,,,
0.36,0.024,10,76,90,239,880,,0.44,0.24,0.32,
0.41,0.025,11,90,,,,,,,,
0.33,0.021,11,239,,,,,,,,
0.38,0.024,11,880,,,,,,,,
0.37,0.026,9,268,22,80,101,,0.32,0.15,0.53,
0.34,0.027,10,22,325,,,,1.0,,,
0.34,0.028,11,325,,,,,,,,
0.45,0.024,10,80,189,881,,,0.41,0.59,,
0.41,0.024,11,189,,,,,,,,
0.5,0.023,11,881,,,,,,,,
0.4,0.024,10,101,814,101,45,,0.29,0.4,0.31,
0.45,0.023,11,814,,,,,,,,
0.4,0.024,11,101,,,,,,,,
0.43,0.021,11,45,,,,,,,,
0.22,0.026,4,820,882,883,,,0.17,0.83,,
0.22,0.021,5,882,221,127,884,,0.46,0.11,0.43,
0.27,0.023,6,221,25,127,,,0.17,0.83,,
0.26,0.022,7,25,885,606,,,0.5,0.5,,
0.28,0.024,8,885,323,239,215,,0.4,0.59,0.01,
0.31,0.026,9,323,159,144,,,0.59,0.41,,
0.37,0.024,10,159,185,,,,1.0,,,
0.41,0.022,11,185,,,,,,,,
0.32,0.022,10,144,197,143,60,,0.44,0.43,0.13,
0.3,0.021,11,197,,,,,,,,
0.34,0.022,11,143,,,,,,,,
0.37,0.02,11,60,,,,,,,,
0.33,0.021,9,239,199,,,,1.0,,,
0.37,0.023,10,199,83,,,,1.0,,,
0.35,0.022,11,83,,,,,,,,
0.35,0.021,9,215,101,319,,,0.55,0.45,,
0.4,0.024,10,101,40,,,,1.0,,,
0.4,0.027,11,40,,,,,,,,
0.33,0.022,10,319,85,,,,1.0,,,
0.33,0.02,11,85,,,,,,,,
0.28,0.018,8,606,671,677,,,0.11,0.89,,
0.29,0.015,9,671,604,,,,1.0,,,
0.33,0.014,10,604,234,,,,1.0,,,
0.35,0.015,11,234,,,,,,,,
0.3,0.02,9,677,715,220,32,,0.13,0.41,0.47,
0.36,0.018,10,715,886,,,,1.0,,,
0.43,0.018,11,886,,,,,,,,
0.35,0.02,10,220,715,223,662,,0.13,0.45,0.42,
0.36,0.018,11,715,,,,,,,,
0.37,0.021,11,223,,,,,,,,
0.32,0.017,11,662,,,,,,,,
0.32,0.019,10,32,887,128,24,,0.45,0.22,0.33,
0.36,0.021,11,887,,,,,,,,
0.31,0.021,11,128,,,,,,,,
0.33,0.018,11,24,,,,,,,,
0.26,0.023,7,127,25,,,,1.0,,,
0.26,0.022,8,25,888,,,,1.0,,,
0.25,0.021,9,888,677,,,,1.0,,,
0.3,0.02,10,677,85,201,,,0.54,0.46,,
0.33,0.02,11,85,,,,,,,,
0.33,0.017,11,201,,,,,,,,
0.26,0.023,6,127,798,331,,,0.39,0.61,,
0.25,0.022,7,798,219,889,855,,0.33,0.34,0.33,
0.3,0.023,8,219,215,128,134,,0.32,0.59,0.08,
0.35,0.021,9,215,167,805,148,,0.4,0.47,0.14,
0.42,0.022,10,167,198,,,,1.0,,,
0.41,0.02,11,198,,,,,,,,
0.38,0.019,10,805,854,,,,1.0,,,
0.34,0.02,11,854,,,,,,,,
0.33,0.023,10,148,210,,,,1.0,,,
0.34,0.024,11,210,,,,,,,,
0.31,0.021,9,128,26,854,,,0.75,0.25,,
0.28,0.022,10,26,598,,,,1.0,,,
0.29,0.021,11,598,,,,,,,,
0.34,0.02,10,854,686,,,,1.0,,,
0.37,0.018,11,686,,,,,,,,
0.28,0.023,9,134,59,221,,,0.61,0.39,,
0.32,0.023,10,59,679,677,805,,0.27,0.39,0.33,
0.31,0.02,11,679,,,,,,,,
0.3,0.02,11,677,,,,,,,,
0.38,0.019,11,805,,,,,,,,
0.27,0.023,10,221,127,856,,,0.39,0.61,,
0.26,0.023,11,127,,,,,,,,
0.3,0.022,11,856,,,,,,,,
0.29,0.02,8,889,890,,,,1.0,,,
0.27,0.018,9,890,685,685,,,0.46,0.54,,
0.3,0.017,10,685,729,661,,,0.63,0.37,,
0.31,0.016,11,729,,,,,,,,
0.28,0.015,11,661,,,,,,,,
0.3,0.017,10,685,615,729,,,0.45,0.55,,
0.27,0.016,11,615,,,,,,,,
0.31,0.016,11,729,,,,,,,,
0.26,0.02,8,855,600,130,709,,0.71,0.13,0.16,
0.28,0.019,9,600,132,685,855,,0.66,0.28,0.06,
0.33,0.019,10,132,679,887,197,,0.52,0.04,0.44,
0.31,0.02,11,679,,,,,,,,
0.36,0.021,11,887,,,,,,,,
0.3,0.021,11,197,,,,,,,,
0.3,0.017,10,685,718,,,,1.0,,,
0.3,0.016,11,718,,,,,,,,
0.26,0.02,10,855,677,603,,,0.24,0.76,,
0.3,0.02,11,677,,,,,,,,
0.31,0.017,11,603,,,,,,,,
0.24,0.02,9,130,642,891,,,0.9,0.1,,
0.29,0.019,10,642,139,,,,1.0,,,
0.28,0.02,11,139,,,,,,,,
0.23,0.018,10,891,643,615,,,0.45,0.55,,
0.22,0.015,11,643,,,,,,,,
0.27,0.016,11,615,,,,,,,,
0.3,0.018,9,709,229,201,227,,0.35,0.28,0.37,
0.33,0.015,10,229,693,605,622,,0.62,0.01,0.36,
0.39,0.013,11,693,,,,,,,,
0.32,0.015,11,605,,,,,,,,
0.37,0.014,11,622,,,,,,,,
0.33,0.017,10,201,611,719,724,,0.27,0.0,0.72,
0.34,0.018,11,611,,,,,,,,
0.35,0.017,11,719,,,,,,,,
0.39,0.018,11,724,,,,,,,,
0.34,0.017,10,227,892,24,170,,0.63,0.19,0.18,
0.38,0.014,11,892,,,,,,,,
0.33,0.018,11,24,,,,,,,,
0.41,0.018,11,170,,,,,,,,
0.32,0.024,7,331,81,,,,1.0,,,
0.36,0.022,8,81,189,45,,,0.43,0.57,,
0.41,0.024,9,189,277,240,35,,0.29,0.44,0.27,
0.45,0.027,10,277,322,,,,1.0,,,
0.51,0.026,11,322,,,,,,,,
0.47,0.021,10,240,184,806,,,0.42,0.58,,
0.44,0.025,11,184,,,,,,,,
0.43,0.019,11,806,,,,,,,,
0.43,0.026,10,35,72,,,,1.0,,,
0.42,0.025,11,72,,,,,,,,
0.43,0.021,9,45,31,,,,1.0,,,
0.4,0.021,10,31,330,,,,1.0,,,
0.39,0.024,11,330,,,,,,,,
0.27,0.02,6,884,704,,,,1.0,,,
0.31,0.018,7,704,619,60,,,0.94,0.06,,
0.31,0.019,8,619,719,,,,1.0,,,
0.35,0.017,9,719,669,662,,,0.6,0.4,,
0.4,0.016,10,669,231,,,,1.0,,,
0.39,0.017,11,231,,,,,,,,
0.32,0.017,10,662,599,603,27,,0.24,0.57,0.19,
0.29,0.018,11,599,,,,,,,,
0.31,0.017,11,603,,,,,,,,
0.36,0.017,11,27,,,,,,,,
0.37,0.02,8,60,224,893,,,0.38,0.62,,
0.41,0.019,9,224,894,675,,,0.14,0.86,,
0.48,0.02,10,894,42,895,896,,0.54,0.37,0.09,
0.52,0.023,11,42,,,,,,,,
0.45,0.02,11,895,,,,,,,,
0.5,0.018,11,896,,,,,,,,
0.45,0.018,10,675,897,216,898,,0.43,0.1,0.48,
0.53,0.017,11,897,,,,,,,,
0.42,0.019,11,216,,,,,,,,
0.49,0.017,11,898,,,,,,,,
0.43,0.017,9,893,806,899,900,,0.61,0.27,0.12,
0.43,0.019,10,806,799,,,,1.0,,,
0.47,0.022,11,799,,,,,,,,
0.5,0.017,10,899,812,,,,1.0,,,
0.46,0.018,11,812,,,,,,,,
0.49,0.019,10,900,901,902,,,0.54,0.46,,
0.5,0.021,11,901,,,,,,,,
0.51,0.019,11,902,,,,,,,,
0.28,0.025,5,883,127,147,319,,0.55,0.25,0.2,
0.26,0.023,6,127,110,111,,,0.55,0.45,,
0.27,0.025,7,110,150,597,9,,0.23,0.18,0.59,
0.31,0.024,8,150,313,143,,,0.66,0.34,,
0.29,0.026,9,313,12,209,,,0.09,0.91,,
0.29,0.024,10,12,26,83,,,0.46,0.54,,
0.28,0.022,11,26,,,,,,,,
0.35,0.022,11,83,,,,,,,,
0.31,0.027,10,209,63,12,,,0.39,0.61,,
0.3,0.026,11,63,,,,,,,,
0.29,0.024,11,12,,,,,,,,
0.34,0.022,9,143,903,33,82,,0.55,0.09,0.36,
0.4,0.019,10,903,223,857,238,,0.31,0.38,0.31,
0.37,0.021,11,223,,,,,,,,
0.42,0.018,11,857,,,,,,,,
0.41,0.021,11,238,,,,,,,,
0.36,0.019,10,33,864,612,712,,0.13,0.39,0.48,
0.42,0.017,11,864,,,,,,,,
0.39,0.02,11,612,,,,,,,,
0.37,0.019,11,712,,,,,,,,
0.34,0.021,10,82,607,,,,1.0,,,
0.32,0.018,11,607,,,,,,,,
0.25,0.023,8,597,219,219,,,0.21,0.79,,
0.3,0.023,9,219,721,148,223,,0.31,0.4,0.3,
0.36,0.02,10,721,710,800,165,,0.11,0.55,0.33,
0.38,0.021,11,710,,,,,,,,
0.4,0.022,11,800,,,,,,,,
0.42,0.02,11,165,,,,,,,,
0.33,0.023,10,148,199,59,712,,0.51,0.44,0.05,
0.37,0.023,11,199,,,,,,,,
0.32,0.023,11,59,,,,,,,,
0.37,0.019,11,712,,,,,,,,
0.37,0.021,10,223,721,806,,,0.89,0.11,,
0.36,0.02,11,721,,,,,,,,
0.43,0.019,11,806,,,,,,,,
0.3,0.023,9,219,207,,,,1.0,,,
0.32,0.021,10,207,81,319,91,,0.23,0.34,0.42,
0.36,0.022,11,81,,,,,,,,
0.33,0.022,11,319,,,,,,,,
0.34,0.023,11,91,,,,,,,,
0.31,0.028,8,9,315,788,,,0.56,0.44,,
0.36,0.025,9,315,83,,,,1.0,,,
0.35,0.022,10,83,33,,,,1.0,,,
0.36,0.019,11,33,,,,,,,,
0.38,0.031,9,788,582,767,,,0.69,0.31,,
0.47,0.031,10,582,245,471,,,0.92,0.08,,
0.49,0.031,11,245,,,,,,,,
0.43,0.035,11,471,,,,,,,,
0.36,0.035,10,767,263,307,,,0.47,0.53,,
0.4,0.03,11,263,,,,,,,,
0.45,0.032,11,307,,,,,,,,
0.27,0.024,7,111,123,144,,,0.31,0.69,,
0.25,0.026,8,123,579,,,,1.0,,,
0.3,0.028,9,579,880,,,,1.0,,,
0.38,0.024,10,880,75,119,802,,0.23,0.42,0.35,
0.39,0.026,11,75,,,,,,,,
0.43,0.024,11,119,,,,,,,,
0.4,0.02,11,802,,,,,,,,
0.32,0.022,8,144,59,721,607,,0.44,0.29,0.26,
0.32,0.023,9,59,619,133,207,,0.22,0.3,0.48,
0.31,0.019,10,619,139,,,,1.0,,,
0.28,0.02,11,139,,,,,,,,
0.31,0.022,10,133,319,150,,,0.59,0.41,,
0.33,0.022,11,319,,,,,,,,
0.31,0.024,11,150,,,,,,,,
0.32,0.021,10,207,28,223,131,,0.73,0.01,0.25,
0.35,0.019,11,28,,,,,,,,
0.37,0.021,11,223,,,,,,,,
0.3,0.019,11,131,,,,,,,,
0.36,0.02,9,721,721,28,224,,0.05,0.3,0.65,
0.36,0.02,10,721,324,216,,,0.89,0.11,,
0.42,0.021,11,324,,,,,,,,
0.42,0.019,11,216,,,,,,,,
0.35,0.019,10,28,60,29,224,,0.23,0.03,0.74,
0.37,0.02,11,60,,,,,,,,
0.34,0.016,11,29,,,,,,,,
0.41,0.019,11,224,,,,,,,,
0.41,0.019,10,224,217,904,,,0.11,0.89,,
0.46,0.019,11,217,,,,,,,,
0.44,0.018,11,904,,,,,,,,
0.32,0.018,9,607,854,614,,,0.88,0.12,,
0.34,0.02,10,854,854,33,,,0.53,0.47,,
0.34,0.02,11,854,,,,,,,,
0.36,0.019,11,33,,,,,,,,
0.3,0.015,10,614,618,,,,1.0,,,
0.31,0.014,11,618,,,,,,,,
0.28,0.027,6,147,206,94,16,,0.29,0.17,0.54,
0.31,0.025,7,206,114,206,,,0.34,0.66,,
0.3,0.024,8,114,81,114,677,,0.45,0.04,0.51,
0.36,0.022,9,81,879,,,,1.0,,,
0.38,0.022,10,879,83,225,,,0.02,0.98,,
0.35,0.022,11,83,,,,,,,,
0.41,0.023,11,225,,,,,,,,
0.3,0.024,9,114,62,331,,,0.59,0.41,,
0.36,0.027,10,62,101,449,34,,0.39,0.24,0.36,
0.4,0.024,11,101,,,,,,,,
0.44,0.026,11,449,,,,,,,,
0.42,0.027,11,34,,,,,,,,
0.32,0.024,10,331,98,82,62,,0.34,0.13,0.54,
0.38,0.027,11,98,,,,,,,,
0.34,0.021,11,82,,,,,,,,
0.36,0.027,11,62,,,,,,,,
0.3,0.02,9,677,705,,,,1.0,,,
0.28,0.017,10,705,723,680,,,0.9,0.1,,
0.27,0.014,11,723,,,,,,,,
0.27,0.019,11,680,,,,,,,,
0.31,0.025,8,206,113,84,113,,0.54,0.2,0.25,
0.3,0.025,9,113,88,,,,1.0,,,
0.37,0.022,10,88,216,879,,,0.02,0.98,,
0.42,0.019,11,216,,,,,,,,
0.38,0.022,11,879,,,,,,,,
0.37,0.025,9,84,203,,,,1.0,,,
0.45,0.025,10,203,449,793,877,,0.44,0.33,0.23,
0.44,0.026,11,449,,,,,,,,
0.43,0.025,11,793,,,,,,,,
0.54,0.027,11,877,,,,,,,,
0.3,0.025,9,113,133,88,,,0.55,0.45,,
0.31,0.022,10,133,889,,,,1.0,,,
0.29,0.02,11,889,,,,,,,,
0.37,0.022,10,88,102,,,,1.0,,,
0.35,0.024,11,102,,,,,,,,
0.27,0.029,7,94,154,,,,1.0,,,
0.31,0.029,8,154,829,21,,,0.25,0.75,,
0.3,0.029,9,829,122,783,,,0.27,0.73,,
0.29,0.027,10,122,826,76,825,,0.42,0.34,0.24,
0.28,0.03,11,826,,,,,,,,
0.36,0.024,11,76,,,,,,,,
0.27,0.028,11,825,,,,,,,,
0.36,0.031,10,783,266,272,,,0.95,0.05,,
0.37,0.029,11,266,,,,,,,,
0.34,0.031,11,272,,,,,,,,
0.35,0.025,9,21,160,144,20,,0.36,0.46,0.17,
0.43,0.022,10,160,516,,,,1.0,,,
0.42,0.023,11,516,,,,,,,,
0.32,0.022,10,144,709,,,,1.0,,,
0.3,0.018,11,709,,,,,,,,
0.42,0.026,10,20,574,225,,,0.28,0.72,,
0.47,0.028,11,574,,,,,,,,
0.41,0.023,11,225,,,,,,,,
0.32,0.029,7,16,141,,,,1.0,,,
0.31,0.03,8,141,586,,,,1.0,,,
0.33,0.032,9,586,505,,,,1.0,,,
0.4,0.031,10,505,386,115,751,,0.35,0.5,0.16,
0.48,0.033,11,386,,,,,,,,
0.37,0.03,11,115,,,,,,,,
0.43,0.036,11,751,,,,,,,,
0.33,0.022,6,319,31,,,,1.0,,,
0.4,0.021,7,31,189,165,,,0.86,0.14,,
0.41,0.024,8,189,101,,,,1.0,,,
0.4,0.024,9,101,146,,,,1.0,,,
0.36,0.023,10,146,801,116,,,0.63,0.37,,
0.38,0.02,11,801,,,,,,,,
0.34,0.026,11,116,,,,,,,,
0.42,0.02,8,165,886,802,675,,0.07,0.41,0.52,
0.43,0.018,9,886,905,217,452,,0.38,0.5,0.12,
0.51,0.017,10,905,,,,,,,,
0.46,0.019,10,217,906,169,,,0.05,0.95,,
0.5,0.019,11,906,,,,,,,,
0.54,0.017,11,169,,,,,,,,
0.51,0.021,10,452,,,,,,,,
0.4,0.02,9,802,894,,,,1.0,,,
0.48,0.02,10,894,190,896,174,,0.44,0.09,0.47,
0.46,0.022,11,190,,,,,,,,
0.5,0.018,11,896,,,,,,,,
0.54,0.022,11,174,,,,,,,,
0.45,0.018,9,675,907,857,,,0.27,0.73,,
0.49,0.018,10,907,898,163,,,0.35,0.65,,
0.49,0.017,11,898,,,,,,,,
0.47,0.02,11,163,,,,,,,,
0.42,0.018,10,857,899,,,,1.0,,,
0.5,0.017,11,899,,,,,,,,
0.16,0.035,3,592,908,,,,1.0,,,
0.21,0.038,4,908,570,,,,1.0,,,
0.27,0.043,5,570,909,299,,,0.46,0.54,,
0.28,0.046,6,909,910,911,912,,0.48,0.4,0.12,
0.31,0.046,7,910,913,914,,,0.46,0.54,,
0.36,0.044,8,913,766,,,,1.0,,,
0.4,0.038,9,766,766,468,,,0.77,0.23,,
0.4,0.038,10,766,267,838,540,,0.16,0.72,0.12,
0.44,0.033,11,267,,,,,,,,
0.47,0.041,11,838,,,,,,,,
0.41,0.042,11,540,,,,,,,,
0.46,0.042,10,468,915,556,916,,0.3,0.24,0.47,
0.48,0.044,11,915,,,,,,,,
0.44,0.042,11,556,,,,,,,,
0.5,0.041,11,916,,,,,,,,
0.36,0.05,8,914,917,918,919,,0.41,0.45,0.14,
0.35,0.054,9,917,920,921,922,,0.43,0.43,0.14,
0.46,0.047,10,920,311,923,,,0.12,0.88,,
0.49,0.045,11,311,,,,,,,,
0.54,0.05,11,923,,,,,,,,
0.36,0.052,10,921,309,924,925,,0.46,0.3,0.24,
0.44,0.053,11,309,,,,,,,,
0.36,0.054,11,924,,,,,,,,
0.41,0.055,11,925,,,,,,,,
0.45,0.06,10,922,926,927,928,,0.22,0.34,0.44,
0.55,0.06,11,926,,,,,,,,
0.55,0.069,11,927,,,,,,,,
0.48,0.056,11,928,,,,,,,,
0.39,0.047,9,918,929,,,,1.0,,,
0.4,0.049,10,929,499,,,,1.0,,,
0.46,0.046,11,499,,,,,,,,
0.41,0.052,9,919,930,,,,1.0,,,
0.41,0.054,10,930,931,932,,,0.01,0.99,,
0.48,0.055,11,931,,,,,,,,
0.45,0.054,11,932,,,,,,,,
0.32,0.049,7,911,933,,,,1.0,,,
0.34,0.053,8,933,918,408,,,0.56,0.44,,
0.39,0.047,9,918,934,935,,,0.98,0.02,,
0.39,0.044,10,934,936,,,,1.0,,,
0.45,0.045,11,936,,,,,,,,
0.43,0.052,10,935,919,937,,,0.04,0.96,,
0.41,0.052,11,919,,,,,,,,
0.45,0.059,11,937,,,,,,,,
0.43,0.051,9,408,402,938,,,0.09,0.91,,
0.49,0.049,10,402,939,257,,,0.89,0.11,,
0.57,0.053,11,939,,,,,,,,
0.55,0.043,11,257,,,,,,,,
0.55,0.048,10,938,,,,,,,,
0.3,0.049,7,912,297,940,,,0.68,0.32,,
0.31,0.042,8,297,395,299,,,0.56,0.44,,
0.39,0.046,9,395,941,942,943,,0.25,0.46,0.3,
0.42,0.046,10,941,944,,,,1.0,,,
0.53,0.047,11,944,,,,,,,,
0.37,0.053,10,942,945,,,,1.0,,,
0.46,0.053,11,945,,,,,,,,
0.5,0.049,10,943,946,915,396,,0.29,0.58,0.13,
0.51,0.051,11,946,,,,,,,,
0.48,0.044,11,915,,,,,,,,
0.47,0.046,11,396,,,,,,,,
0.31,0.044,9,299,354,754,947,,0.49,0.2,0.31,
0.3,0.044,10,354,918,948,949,,0.48,0.4,0.12,
0.39,0.047,11,918,,,,,,,,
0.31,0.041,11,948,,,,,,,,
0.32,0.05,11,949,,,,,,,,
0.36,0.039,10,754,142,836,763,,0.28,0.26,0.46,
0.35,0.034,11,142,,,,,,,,
0.38,0.04,11,836,,,,,,,,
0.45,0.04,11,763,,,,,,,,
0.35,0.048,10,947,950,950,,,0.53,0.47,,
0.35,0.047,11,950,,,,,,,,
0.35,0.047,11,950,,,,,,,,
0.31,0.052,8,940,950,951,,,0.56,0.44,,
0.35,0.047,9,950,952,935,,,0.83,0.17,,
0.43,0.047,10,952,953,954,494,,0.37,0.4,0.23,
0.51,0.048,11,953,,,,,,,,
0.54,0.042,11,954,,,,,,,,
0.48,0.043,11,494,,,,,,,,
0.43,0.052,10,935,955,294,956,,0.17,0.55,0.28,
0.43,0.054,11,955,,,,,,,,
0.55,0.045,11,294,,,,,,,,
0.43,0.057,11,956,,,,,,,,
0.33,0.056,9,951,957,840,,,0.46,0.54,,
0.35,0.057,10,957,958,959,,,0.78,0.22,,
0.37,0.056,11,958,,,,,,,,
0.4,0.058,11,959,,,,,,,,
0.44,0.051,10,840,960,923,961,,0.13,0.57,0.3,
0.5,0.057,11,960,,,,,,,,
0.54,0.05,11,923,,,,,,,,
0.5,0.058,11,961,,,,,,,,
0.31,0.044,6,299,962,963,301,,0.46,0.5,0.03,
0.33,0.042,7,962,964,388,965,,0.21,0.03,0.76,
0.33,0.046,8,964,773,966,,,0.41,0.59,,
0.41,0.047,9,773,967,968,,,0.28,0.72,,
0.47,0.047,10,967,915,,,,1.0,,,
0.48,0.044,11,915,,,,,,,,
0.41,0.041,10,968,539,969,,,0.7,0.3,,
0.48,0.037,11,539,,,,,,,,
0.46,0.045,11,969,,,,,,,,
0.32,0.044,9,966,411,,,,1.0,,,
0.39,0.039,10,411,462,,,,1.0,,,
0.49,0.041,11,462,,,,,,,,
0.39,0.036,8,388,568,,,,1.0,,,
0.41,0.038,9,568,497,,,,1.0,,,
0.49,0.036,10,497,398,562,439,,0.07,0.04,0.89,
0.56,0.042,11,398,,,,,,,,
0.53,0.04,11,562,,,,,,,,
0.59,0.041,11,439,,,,,,,,
0.37,0.048,8,965,970,769,971,,0.45,0.06,0.5,
0.45,0.047,9,970,478,841,,,0.33,0.67,,
0.57,0.042,10,478,,,,,,,,
0.45,0.046,10,841,840,972,,,0.46,0.54,,
0.44,0.051,11,840,,,,,,,,
0.45,0.042,11,972,,,,,,,,
0.4,0.042,9,769,771,,,,1.0,,,
0.41,0.046,10,771,259,,,,1.0,,,
0.52,0.046,11,259,,,,,,,,
0.46,0.055,9,971,973,974,975,,0.24,0.41,0.35,
0.51,0.049,10,973,,,,,,,,
0.51,0.055,10,974,,,,,,,,
0.56,0.059,10,975,,,,,,,,
0.35,0.038,7,963,508,976,,,0.28,0.72,,
0.33,0.043,8,508,977,,,,1.0,,,
0.33,0.036,9,977,978,,,,1.0,,,
0.42,0.041,10,978,735,,,,1.0,,,
0.52,0.036,11,735,,,,,,,,
0.38,0.037,8,976,979,,,,1.0,,,
0.46,0.041,9,979,467,980,461,,0.54,0.26,0.2,
0.46,0.036,10,467,838,,,,1.0,,,
0.47,0.041,11,838,,,,,,,,
0.53,0.041,10,980,,,,,,,,
0.45,0.038,10,461,745,472,,,0.77,0.23,,
0.43,0.037,11,745,,,,,,,,
0.44,0.043,11,472,,,,,,,,
0.35,0.04,7,301,528,,,,1.0,,,
0.36,0.036,8,528,337,,,,1.0,,,
0.36,0.034,9,337,531,444,370,,0.22,0.4,0.38,
0.44,0.037,10,531,471,539,,,0.15,0.85,,
0.43,0.035,11,471,,,,,,,,
0.48,0.037,11,539,,,,,,,,
0.41,0.033,10,444,480,276,,,0.4,0.6,,
0.42,0.031,11,480,,,,,,,,
0.51,0.032,11,276,,,,,,,,
0.4,0.034,10,370,109,411,,,0.48,0.52,,
0.5,0.032,11,109,,,,,,,,
0.39,0.039,11,411,,,,,,,,
